WP-Line151 DataID´s:;;;;;;;;;;;;;;;;;;
Revision = 3.0.1;;;;;;;;;;;;;;;;;;
Target = CPU;;;;;;;;;;;;;;;;;;
Project number = 7508;;;;;;;;;;;;;;;;;;

Hex ;Dec  ;Beskrivelse                   ;Navn                          ;Scale Val   ;Scale Typ      ;Initial     ;Precision      ;Type                ;Unit           ;Enable  ;Supscr. ;Thresh. ;Holdtm. ;Invert  ;Offset  ;Scale   ;LogFlag ;Type
1D  ;29   ;Max temperature               ;MaxTmp                        ;10          ;SCALE_DIV      ;850         ;1              ;PARAMETER           ;UNIT_CELSIUS   ;0       ;0       ;0       ;0       ;0       ;0       ;0       ;0       ;TYPE_S16       
20  ;32   ;DataID Count                  ;DataIdCnt                     ;1           ;SCALE_NONE     ;0           ;0              ;LOCAL               ;UNIT_NONE      ;1       ;0       ;1       ;100     ;0       ;0       ;0       ;0       ;TYPE_U16       
21  ;33   ;Periods pr. update            ;PeriodsPrUpdate               ;1           ;SCALE_NONE     ;1           ;0              ;OUTPUT_PARAMETER    ;UNIT_NONE      ;1       ;0       ;0       ;0       ;0       ;0       ;0       ;0       ;TYPE_U8        
22  ;34   ;Voltage L1                    ;PVL1                          ;1           ;SCALE_NONE     ;0           ;0              ;VALUE_INPUT         ;UNIT_VOLT      ;1       ;1       ;1       ;100     ;0       ;0       ;0       ;1       ;TYPE_U32       
23  ;35   ;Voltage L2                    ;PVL2                          ;1           ;SCALE_NONE     ;0           ;0              ;VALUE_INPUT         ;UNIT_VOLT      ;1       ;1       ;1       ;100     ;0       ;0       ;0       ;1       ;TYPE_U32       
24  ;36   ;Voltage L3                    ;PVL3                          ;1           ;SCALE_NONE     ;0           ;0              ;VALUE_INPUT         ;UNIT_VOLT      ;1       ;1       ;1       ;100     ;0       ;0       ;0       ;1       ;TYPE_U32       
25  ;37   ;Phase Voltage                 ;PVAvg                         ;1           ;SCALE_NONE     ;0           ;0              ;VALUE_INPUT         ;UNIT_VOLT      ;1       ;1       ;1       ;100     ;0       ;0       ;0       ;1       ;TYPE_U32       
26  ;38   ;Net Voltage                   ;PVNet                         ;1           ;SCALE_NONE     ;0           ;0              ;VALUE_INPUT         ;UNIT_VOLT      ;1       ;1       ;1       ;100     ;0       ;0       ;0       ;3       ;TYPE_U32       
27  ;39   ;Current L1                    ;PIL1                          ;1           ;SCALE_NONE     ;0           ;0              ;VALUE_INPUT         ;UNIT_AMPERE    ;1       ;1       ;1       ;100     ;0       ;0       ;0       ;0       ;TYPE_U16       
28  ;40   ;Current L2                    ;PIL2                          ;1           ;SCALE_NONE     ;0           ;0              ;VALUE_INPUT         ;UNIT_AMPERE    ;1       ;1       ;1       ;100     ;0       ;0       ;0       ;0       ;TYPE_U16       
29  ;41   ;Current L3                    ;PIL3                          ;1           ;SCALE_NONE     ;0           ;0              ;VALUE_INPUT         ;UNIT_AMPERE    ;1       ;1       ;1       ;100     ;0       ;0       ;0       ;0       ;TYPE_U16       
2A  ;42   ;Current                       ;PIAvg                         ;1           ;SCALE_NONE     ;0           ;0              ;VALUE_INPUT         ;UNIT_AMPERE    ;1       ;1       ;1       ;100     ;0       ;0       ;0       ;0       ;TYPE_U16       
2B  ;43   ;Cos Phi                       ;PCosPhiAvg                    ;1000        ;SCALE_DIV      ;0           ;2              ;VALUE_INPUT         ;UNIT_NONE      ;1       ;1       ;10      ;100     ;0       ;0       ;0       ;1       ;TYPE_S16       
2C  ;44   ;Angle Phi                     ;PAnglePhiAvg                  ;1000        ;SCALE_DIV      ;0           ;0              ;VALUE_INPUT         ;UNIT_DEGREE    ;1       ;1       ;100     ;100     ;0       ;0       ;0       ;1       ;TYPE_U32       
2D  ;45   ;Frequency                     ;SysFreq                       ;1000        ;SCALE_DIV      ;0           ;2              ;VALUE_INPUT         ;UNIT_HERTZ     ;1       ;1       ;100     ;100     ;0       ;0       ;0       ;1       ;TYPE_U32       
2E  ;46   ;Max L1 Vectorjump             ;PVjL1Max                      ;1000000     ;SCALE_DIV      ;0           ;6              ;VALUE_INPUT         ;UNIT_SECOND    ;1       ;1       ;5       ;100     ;0       ;0       ;0       ;0       ;TYPE_S32       
2F  ;47   ;Max L2 Vectorjump             ;PVjL2Max                      ;1000000     ;SCALE_DIV      ;0           ;6              ;VALUE_INPUT         ;UNIT_SECOND    ;1       ;1       ;5       ;100     ;0       ;0       ;0       ;0       ;TYPE_S32       
30  ;48   ;Max L3 Vectorjump             ;PVjL3Max                      ;1000000     ;SCALE_DIV      ;0           ;6              ;VALUE_INPUT         ;UNIT_SECOND    ;1       ;1       ;5       ;100     ;0       ;0       ;0       ;0       ;TYPE_S32       
31  ;49   ;Max L123 Vectorjump           ;PVjAvgMax                     ;1000000     ;SCALE_DIV      ;0           ;6              ;VALUE_INPUT         ;UNIT_SECOND    ;1       ;1       ;5       ;100     ;0       ;0       ;0       ;0       ;TYPE_S32       
32  ;50   ;Angle L1-L2                   ;AngleVL12                     ;1000        ;SCALE_DIV      ;0           ;1              ;VALUE_INPUT         ;UNIT_DEGREE    ;1       ;1       ;100     ;100     ;0       ;0       ;0       ;1       ;TYPE_U32       
33  ;51   ;Angle L1-L3                   ;AngleVL13                     ;1000        ;SCALE_DIV      ;0           ;1              ;VALUE_INPUT         ;UNIT_DEGREE    ;1       ;1       ;100     ;100     ;0       ;0       ;0       ;1       ;TYPE_U32       
34  ;52   ;Angle L2-L3                   ;AngleVL23                     ;1000        ;SCALE_DIV      ;0           ;1              ;VALUE_INPUT         ;UNIT_DEGREE    ;1       ;1       ;100     ;100     ;0       ;0       ;0       ;1       ;TYPE_U32       
35  ;53   ;Power Factor                  ;PPSAvg                        ;1000        ;SCALE_DIV      ;0           ;2              ;VALUE_INPUT         ;UNIT_NONE      ;1       ;1       ;10      ;100     ;0       ;0       ;0       ;1       ;TYPE_U16       
36  ;54   ;Active Power                  ;PPSum                         ;1000        ;SCALE_DIV      ;0           ;1              ;VALUE_INPUT         ;UNIT_KWATT     ;1       ;1       ;1       ;100     ;0       ;0       ;0       ;3       ;TYPE_S32       
37  ;55   ;Apperent Power                ;PSSum                         ;1000        ;SCALE_DIV      ;0           ;1              ;VALUE_INPUT         ;UNIT_KVA       ;1       ;1       ;1       ;100     ;0       ;0       ;0       ;1       ;TYPE_U32       
38  ;56   ;Reactive Power                ;PQSum                         ;1000        ;SCALE_DIV      ;0           ;1              ;VALUE_INPUT         ;UNIT_KVAR      ;1       ;1       ;1       ;100     ;0       ;0       ;0       ;3       ;TYPE_S32       
39  ;57   ;SP Average                    ;SPAvg                         ;1           ;SCALE_NONE     ;0           ;0              ;VALUE_INPUT         ;UNIT_WATT      ;1       ;1       ;1       ;100     ;0       ;0       ;0       ;0       ;TYPE_S32       
3A  ;58   ;SPp Average                   ;SPpAvg                        ;1           ;SCALE_NONE     ;0           ;0              ;VALUE_INPUT         ;UNIT_WATT      ;1       ;1       ;1       ;100     ;0       ;0       ;0       ;0       ;TYPE_U32       
3B  ;59   ;SPn Average                   ;SPnAvg                        ;1           ;SCALE_NONE     ;0           ;0              ;VALUE_INPUT         ;UNIT_WATT      ;1       ;1       ;1       ;100     ;0       ;0       ;0       ;0       ;TYPE_U32       
3C  ;60   ;SQ Average                    ;SQAvg                         ;1           ;SCALE_NONE     ;0           ;0              ;VALUE_INPUT         ;UNIT_VAR       ;1       ;1       ;1       ;100     ;0       ;0       ;0       ;0       ;TYPE_S32       
3D  ;61   ;SQp Average                   ;SQpAvg                        ;1           ;SCALE_NONE     ;0           ;0              ;VALUE_INPUT         ;UNIT_VAR       ;1       ;1       ;1       ;100     ;0       ;0       ;0       ;0       ;TYPE_U32       
3E  ;62   ;SQn Average                   ;SQnAvg                        ;1           ;SCALE_NONE     ;0           ;0              ;VALUE_INPUT         ;UNIT_VAR       ;1       ;1       ;1       ;100     ;0       ;0       ;0       ;0       ;TYPE_U32       
3F  ;63   ;EPp L1                        ;EPpL1                         ;1           ;SCALE_NONE     ;0           ;0              ;VALUE_INPUT         ;UNIT_WATTS     ;1       ;1       ;1       ;1000    ;0       ;0       ;0       ;0       ;TYPE_U32       
40  ;64   ;EPp L2                        ;EPpL2                         ;1           ;SCALE_NONE     ;0           ;0              ;VALUE_INPUT         ;UNIT_WATTS     ;1       ;1       ;1       ;1000    ;0       ;0       ;0       ;0       ;TYPE_U32       
41  ;65   ;EPp L3                        ;EPpL3                         ;1           ;SCALE_NONE     ;0           ;0              ;VALUE_INPUT         ;UNIT_WATTS     ;1       ;1       ;1       ;1000    ;0       ;0       ;0       ;0       ;TYPE_U32       
42  ;66   ;Pos.Act.Energy                ;EPpSum                        ;1           ;SCALE_NONE     ;0           ;0              ;VALUE_INPUT         ;UNIT_WATTS     ;1       ;1       ;1       ;1000    ;0       ;0       ;0       ;0       ;TYPE_U32       
43  ;67   ;EPn L1                        ;EPnL1                         ;1           ;SCALE_NONE     ;0           ;0              ;VALUE_INPUT         ;UNIT_WATTS     ;1       ;1       ;1       ;1000    ;0       ;0       ;0       ;0       ;TYPE_U32       
44  ;68   ;EPn L2                        ;EPnL2                         ;1           ;SCALE_NONE     ;0           ;0              ;VALUE_INPUT         ;UNIT_WATTS     ;1       ;1       ;1       ;1000    ;0       ;0       ;0       ;0       ;TYPE_U32       
45  ;69   ;EPn L3                        ;EPnL3                         ;1           ;SCALE_NONE     ;0           ;0              ;VALUE_INPUT         ;UNIT_WATTS     ;1       ;1       ;1       ;1000    ;0       ;0       ;0       ;0       ;TYPE_U32       
46  ;70   ;Neg.Act.Energy                ;EPnSum                        ;1           ;SCALE_NONE     ;0           ;0              ;VALUE_INPUT         ;UNIT_WATTS     ;1       ;1       ;1       ;1000    ;0       ;0       ;0       ;0       ;TYPE_U32       
47  ;71   ;EQp L1                        ;EQpL1                         ;1           ;SCALE_NONE     ;0           ;0              ;VALUE_INPUT         ;UNIT_VARS      ;1       ;1       ;1       ;1000    ;0       ;0       ;0       ;0       ;TYPE_U32       
48  ;72   ;EQp L2                        ;EQpL2                         ;1           ;SCALE_NONE     ;0           ;0              ;VALUE_INPUT         ;UNIT_VARS      ;1       ;1       ;1       ;1000    ;0       ;0       ;0       ;0       ;TYPE_U32       
49  ;73   ;EQp L3                        ;EQpL3                         ;1           ;SCALE_NONE     ;0           ;0              ;VALUE_INPUT         ;UNIT_VARS      ;1       ;1       ;1       ;1000    ;0       ;0       ;0       ;0       ;TYPE_U32       
4A  ;74   ;Pos.React.Energy              ;EQpSum                        ;1           ;SCALE_NONE     ;0           ;0              ;VALUE_INPUT         ;UNIT_VARS      ;1       ;1       ;1       ;1000    ;0       ;0       ;0       ;0       ;TYPE_U32       
4B  ;75   ;EQn L1                        ;EQnL1                         ;1           ;SCALE_NONE     ;0           ;0              ;VALUE_INPUT         ;UNIT_VARS      ;1       ;1       ;1       ;1000    ;0       ;0       ;0       ;0       ;TYPE_U32       
4C  ;76   ;EQn L2                        ;EQnL2                         ;1           ;SCALE_NONE     ;0           ;0              ;VALUE_INPUT         ;UNIT_VARS      ;1       ;1       ;1       ;1000    ;0       ;0       ;0       ;0       ;TYPE_U32       
4D  ;77   ;EQn L3                        ;EQnL3                         ;1           ;SCALE_NONE     ;0           ;0              ;VALUE_INPUT         ;UNIT_VARS      ;1       ;1       ;1       ;1000    ;0       ;0       ;0       ;0       ;TYPE_U32       
4E  ;78   ;Neg.React.Energy              ;EQnSum                        ;1           ;SCALE_NONE     ;0           ;0              ;VALUE_INPUT         ;UNIT_VARS      ;1       ;1       ;1       ;1000    ;0       ;0       ;0       ;0       ;TYPE_U32       
4F  ;79   ;ES L1                         ;ESL1                          ;1           ;SCALE_NONE     ;0           ;0              ;VALUE_INPUT         ;UNIT_VAS       ;1       ;1       ;1       ;1000    ;0       ;0       ;0       ;0       ;TYPE_U32       
50  ;80   ;ES L2                         ;ESL2                          ;1           ;SCALE_NONE     ;0           ;0              ;VALUE_INPUT         ;UNIT_VAS       ;1       ;1       ;1       ;1000    ;0       ;0       ;0       ;0       ;TYPE_U32       
51  ;81   ;ES L3                         ;ESL3                          ;1           ;SCALE_NONE     ;0           ;0              ;VALUE_INPUT         ;UNIT_VAS       ;1       ;1       ;1       ;1000    ;0       ;0       ;0       ;0       ;TYPE_U32       
52  ;82   ;Apparent Energy               ;ESSum                         ;1           ;SCALE_NONE     ;0           ;0              ;VALUE_INPUT         ;UNIT_VAS       ;1       ;1       ;1       ;1000    ;0       ;0       ;0       ;0       ;TYPE_U32       
53  ;83   ;Raw Sample Counter            ;RawSampleCounter              ;1           ;SCALE_NONE     ;0           ;0              ;VALUE_INPUT         ;UNIT_NONE      ;0       ;0       ;1       ;100     ;0       ;0       ;0       ;0       ;TYPE_U16       
54  ;84   ;Raw Data Ch1                  ;RawDataCh1                    ;1           ;SCALE_NONE     ;0           ;0              ;VALUE_INPUT         ;UNIT_NONE      ;0       ;0       ;1       ;100     ;0       ;0       ;0       ;0       ;TYPE_S16       
55  ;85   ;Raw Data Ch2                  ;RawDataCh2                    ;1           ;SCALE_NONE     ;0           ;0              ;VALUE_INPUT         ;UNIT_NONE      ;0       ;0       ;1       ;100     ;0       ;0       ;0       ;0       ;TYPE_S16       
56  ;86   ;Raw Data Ch3                  ;RawDataCh3                    ;1           ;SCALE_NONE     ;0           ;0              ;VALUE_INPUT         ;UNIT_NONE      ;0       ;0       ;1       ;100     ;0       ;0       ;0       ;0       ;TYPE_S16       
57  ;87   ;Raw Data Ch4                  ;RawDataCh4                    ;1           ;SCALE_NONE     ;0           ;0              ;VALUE_INPUT         ;UNIT_NONE      ;0       ;0       ;1       ;100     ;0       ;0       ;0       ;0       ;TYPE_S16       
58  ;88   ;Raw Data Ch5                  ;RawDataCh5                    ;1           ;SCALE_NONE     ;0           ;0              ;VALUE_INPUT         ;UNIT_NONE      ;0       ;0       ;1       ;100     ;0       ;0       ;0       ;0       ;TYPE_S16       
59  ;89   ;Raw Data Ch6                  ;RawDataCh6                    ;1           ;SCALE_NONE     ;0           ;0              ;VALUE_INPUT         ;UNIT_NONE      ;0       ;0       ;1       ;100     ;0       ;0       ;0       ;0       ;TYPE_S16       
5A  ;90   ;HP Filter Active              ;HPFilterActive                ;1           ;SCALE_NONE     ;1           ;0              ;OUTPUT_PARAMETER    ;UNIT_NONE      ;1       ;0       ;0       ;0       ;0       ;0       ;0       ;0       ;TYPE_U8        
5B  ;91   ;Raw Offset Ch1                ;RawOffsetCh1                  ;1           ;SCALE_NONE     ;0           ;0              ;VALUE_INPUT         ;UNIT_NONE      ;0       ;0       ;1       ;100     ;0       ;0       ;0       ;0       ;TYPE_S16       
5C  ;92   ;Raw Offset Ch2                ;RawOffsetCh2                  ;1           ;SCALE_NONE     ;0           ;0              ;VALUE_INPUT         ;UNIT_NONE      ;0       ;0       ;1       ;100     ;0       ;0       ;0       ;0       ;TYPE_S16       
5D  ;93   ;Raw Offset Ch3                ;RawOffsetCh3                  ;1           ;SCALE_NONE     ;0           ;0              ;VALUE_INPUT         ;UNIT_NONE      ;0       ;0       ;1       ;100     ;0       ;0       ;0       ;0       ;TYPE_S16       
5E  ;94   ;Raw Offset Ch4                ;RawOffsetCh4                  ;1           ;SCALE_NONE     ;0           ;0              ;VALUE_INPUT         ;UNIT_NONE      ;0       ;0       ;1       ;100     ;0       ;0       ;0       ;0       ;TYPE_S16       
5F  ;95   ;Raw Offset Ch5                ;RawOffsetCh5                  ;1           ;SCALE_NONE     ;0           ;0              ;VALUE_INPUT         ;UNIT_NONE      ;0       ;0       ;1       ;100     ;0       ;0       ;0       ;0       ;TYPE_S16       
60  ;96   ;Raw Offset Ch6                ;RawOffsetCh6                  ;1           ;SCALE_NONE     ;0           ;0              ;VALUE_INPUT         ;UNIT_NONE      ;0       ;1       ;1       ;100     ;0       ;0       ;0       ;0       ;TYPE_S16       
61  ;97   ;WP4x00 U Cal L1               ;OUCalL1                       ;1000        ;SCALE_DIV      ;1000        ;3              ;OUTPUT_PARAMETER    ;UNIT_NONE      ;1       ;0       ;0       ;0       ;0       ;0       ;0       ;0       ;TYPE_U32       
62  ;98   ;WP4x00 U Cal L2               ;OUCalL2                       ;1000        ;SCALE_DIV      ;1000        ;3              ;OUTPUT_PARAMETER    ;UNIT_NONE      ;1       ;0       ;0       ;0       ;0       ;0       ;0       ;0       ;TYPE_U32       
63  ;99   ;WP4x00 U Cal L3               ;OUCalL3                       ;1000        ;SCALE_DIV      ;1000        ;3              ;OUTPUT_PARAMETER    ;UNIT_NONE      ;1       ;0       ;0       ;0       ;0       ;0       ;0       ;0       ;TYPE_U32       
64  ;100  ;WP4x00 Uj Cal L1              ;OUjCalL1                      ;1000000     ;SCALE_DIV      ;0           ;6              ;OUTPUT_PARAMETER    ;UNIT_SECOND    ;1       ;0       ;0       ;0       ;0       ;0       ;0       ;0       ;TYPE_U32       
65  ;101  ;WP4x00 Uj Cal L2              ;OUjCalL2                      ;1000000     ;SCALE_DIV      ;0           ;6              ;OUTPUT_PARAMETER    ;UNIT_SECOND    ;1       ;0       ;0       ;0       ;0       ;0       ;0       ;0       ;TYPE_U32       
66  ;102  ;WP4x00 Uj Cal L3              ;OUjCalL3                      ;1000000     ;SCALE_DIV      ;0           ;6              ;OUTPUT_PARAMETER    ;UNIT_SECOND    ;1       ;0       ;0       ;0       ;0       ;0       ;0       ;0       ;TYPE_U32       
67  ;103  ;U Cal L1                      ;UCalL1                        ;1000        ;SCALE_DIV      ;0           ;3              ;VALUE_INPUT         ;UNIT_NONE      ;1       ;1       ;1       ;100     ;0       ;0       ;0       ;0       ;TYPE_U64       
68  ;104  ;U Cal L2                      ;UCalL2                        ;1000        ;SCALE_DIV      ;0           ;3              ;VALUE_INPUT         ;UNIT_NONE      ;1       ;1       ;1       ;100     ;0       ;0       ;0       ;0       ;TYPE_U64       
69  ;105  ;U Cal L3                      ;UCalL3                        ;1000        ;SCALE_DIV      ;0           ;3              ;VALUE_INPUT         ;UNIT_NONE      ;1       ;1       ;1       ;100     ;0       ;0       ;0       ;0       ;TYPE_U64       
6A  ;106  ;Uj Cal L1                     ;UjCalL1                       ;1000000     ;SCALE_DIV      ;0           ;6              ;VALUE_INPUT         ;UNIT_SECOND    ;1       ;1       ;1       ;100     ;0       ;0       ;0       ;0       ;TYPE_U32       
6B  ;107  ;Uj Cal L2                     ;UjCalL2                       ;1000000     ;SCALE_DIV      ;0           ;6              ;VALUE_INPUT         ;UNIT_SECOND    ;1       ;1       ;1       ;100     ;0       ;0       ;0       ;0       ;TYPE_U32       
6C  ;108  ;Uj Cal L3                     ;UjCalL3                       ;1000000     ;SCALE_DIV      ;0           ;6              ;VALUE_INPUT         ;UNIT_SECOND    ;1       ;1       ;1       ;100     ;0       ;0       ;0       ;0       ;TYPE_U32       
6D  ;109  ;WP4x00 I Cal L1               ;OICalL1                       ;1000        ;SCALE_DIV      ;1000        ;3              ;OUTPUT_PARAMETER    ;UNIT_NONE      ;1       ;0       ;0       ;0       ;0       ;0       ;0       ;0       ;TYPE_U32       
6E  ;110  ;WP4x00 I Cal L2               ;OICalL2                       ;1000        ;SCALE_DIV      ;1000        ;3              ;OUTPUT_PARAMETER    ;UNIT_NONE      ;1       ;0       ;0       ;0       ;0       ;0       ;0       ;0       ;TYPE_U32       
6F  ;111  ;WP4x00 I Cal L3               ;OICalL3                       ;1000        ;SCALE_DIV      ;1000        ;3              ;OUTPUT_PARAMETER    ;UNIT_NONE      ;1       ;0       ;0       ;0       ;0       ;0       ;0       ;0       ;TYPE_U32       
70  ;112  ;WP4x00 Ij Cal L1              ;OIjCalL1                      ;1000000     ;SCALE_DIV      ;0           ;6              ;OUTPUT_PARAMETER    ;UNIT_SECOND    ;1       ;0       ;0       ;0       ;0       ;0       ;0       ;0       ;TYPE_U32       
71  ;113  ;WP4x00 lj Cal L2              ;OIjCalL2                      ;1000000     ;SCALE_DIV      ;0           ;6              ;OUTPUT_PARAMETER    ;UNIT_SECOND    ;1       ;0       ;0       ;0       ;0       ;0       ;0       ;0       ;TYPE_U32       
72  ;114  ;WP4x00 Ij Cal L3              ;OIjCalL3                      ;1000000     ;SCALE_DIV      ;0           ;6              ;OUTPUT_PARAMETER    ;UNIT_SECOND    ;1       ;0       ;0       ;0       ;0       ;0       ;0       ;0       ;TYPE_U32       
73  ;115  ;I Cal L1                      ;ICalL1                        ;1000        ;SCALE_DIV      ;0           ;3              ;VALUE_INPUT         ;UNIT_NONE      ;1       ;1       ;1       ;100     ;0       ;0       ;0       ;0       ;TYPE_U64       
74  ;116  ;I Cal L2                      ;ICalL2                        ;1000        ;SCALE_DIV      ;0           ;3              ;VALUE_INPUT         ;UNIT_NONE      ;1       ;1       ;1       ;100     ;0       ;0       ;0       ;0       ;TYPE_U64       
75  ;117  ;I Cal L3                      ;ICalL3                        ;1000        ;SCALE_DIV      ;0           ;3              ;VALUE_INPUT         ;UNIT_NONE      ;1       ;1       ;1       ;100     ;0       ;0       ;0       ;0       ;TYPE_U64       
76  ;118  ;Ij Cal L1                     ;IjCalL1                       ;1000000     ;SCALE_DIV      ;0           ;6              ;VALUE_INPUT         ;UNIT_SECOND    ;1       ;1       ;1       ;100     ;0       ;0       ;0       ;0       ;TYPE_U32       
77  ;119  ;Ij Cal L2                     ;IjCalL2                       ;1000000     ;SCALE_DIV      ;0           ;6              ;VALUE_INPUT         ;UNIT_SECOND    ;1       ;1       ;1       ;100     ;0       ;0       ;0       ;0       ;TYPE_U32       
78  ;120  ;Ij Cal L3                     ;IjCalL3                       ;1000000     ;SCALE_DIV      ;0           ;6              ;VALUE_INPUT         ;UNIT_SECOND    ;1       ;1       ;1       ;100     ;0       ;0       ;0       ;0       ;TYPE_U32       
79  ;121  ;Alarm Warn. (Early)           ;AEarlyWarn                    ;1           ;SCALE_NONE     ;0           ;0              ;VALUE_INPUT         ;UNIT_NONE      ;1       ;1       ;1       ;10      ;0       ;0       ;0       ;1       ;TYPE_U8        
7A  ;122  ;A ZeroAmp Enabled             ;AZeroAmpEnab                  ;1           ;SCALE_NONE     ;0           ;0              ;VALUE_OUTPUT        ;UNIT_NONE      ;1       ;0       ;0       ;0       ;0       ;0       ;0       ;0       ;TYPE_U8        
7B  ;123  ;A ZeroAmp Limit               ;AZeroAmpLimit                 ;1           ;SCALE_NONE     ;0           ;0              ;VALUE_OUTPUT        ;UNIT_NONE      ;1       ;0       ;0       ;0       ;0       ;0       ;0       ;0       ;TYPE_U16       
7C  ;124  ;A ZeroAmp Int. En.            ;AZeroAmpInterEnab             ;1           ;SCALE_NONE     ;0           ;0              ;VALUE_OUTPUT        ;UNIT_NONE      ;1       ;0       ;0       ;0       ;0       ;0       ;0       ;0       ;TYPE_U8        
7D  ;125  ;A ZeroAmp L1 Level            ;AZeroAmpL1Level               ;1           ;SCALE_NONE     ;0           ;0              ;VALUE_INPUT         ;UNIT_NONE      ;1       ;1       ;1       ;10      ;0       ;0       ;0       ;1       ;TYPE_U16       
7E  ;126  ;A ZeroAmp L2 Level            ;AZeroAmpL2Level               ;1           ;SCALE_NONE     ;0           ;0              ;VALUE_INPUT         ;UNIT_NONE      ;1       ;1       ;1       ;10      ;0       ;0       ;0       ;1       ;TYPE_U16       
7F  ;127  ;A ZeroAmp L3 Level            ;AZeroAmpL3Level               ;1           ;SCALE_NONE     ;0           ;0              ;VALUE_INPUT         ;UNIT_NONE      ;1       ;1       ;1       ;10      ;0       ;0       ;0       ;1       ;TYPE_U16       
80  ;128  ;A ZeroAmp Avg Level           ;AZeroAmpAvgLevel              ;1           ;SCALE_NONE     ;0           ;0              ;VALUE_INPUT         ;UNIT_NONE      ;1       ;1       ;1       ;10      ;0       ;0       ;0       ;1       ;TYPE_U16       
81  ;129  ;A ZeroAmp Alarm State         ;AZeroAmpAlarmState            ;1           ;SCALE_NONE     ;0           ;0              ;VALUE_INPUT         ;UNIT_NONE      ;1       ;1       ;1       ;10      ;0       ;0       ;0       ;1       ;TYPE_U8        
82  ;130  ;A Phasedrop Enabled           ;APdEnab                       ;1           ;SCALE_NONE     ;0           ;0              ;VALUE_OUTPUT        ;UNIT_NONE      ;1       ;0       ;0       ;0       ;0       ;0       ;0       ;0       ;TYPE_U8        
83  ;131  ;A Phasedrop L1 Limit          ;APdL1Lim                      ;1           ;SCALE_NONE     ;50          ;0              ;VALUE_OUTPUT        ;UNIT_VOLT      ;1       ;0       ;0       ;0       ;0       ;0       ;0       ;0       ;TYPE_U32       
84  ;132  ;A Phasedrop L2 Limit          ;APdL2Lim                      ;1           ;SCALE_NONE     ;50          ;0              ;VALUE_OUTPUT        ;UNIT_VOLT      ;1       ;0       ;0       ;0       ;0       ;0       ;0       ;0       ;TYPE_U32       
85  ;133  ;A Phasedrop L3 Limit          ;APdL3Lim                      ;1           ;SCALE_NONE     ;50          ;0              ;VALUE_OUTPUT        ;UNIT_VOLT      ;1       ;0       ;0       ;0       ;0       ;0       ;0       ;0       ;TYPE_U32       
86  ;134  ;A Phasedrop L123 Lim.         ;APdL123Lim                    ;1           ;SCALE_NONE     ;50          ;0              ;VALUE_OUTPUT        ;UNIT_VOLT      ;1       ;0       ;0       ;0       ;0       ;0       ;0       ;0       ;TYPE_U32       
87  ;135  ;A Phasedrop Int. En.          ;APdInterEnab                  ;1           ;SCALE_NONE     ;0           ;0              ;VALUE_OUTPUT        ;UNIT_NONE      ;1       ;0       ;0       ;0       ;0       ;0       ;0       ;0       ;TYPE_U8        
88  ;136  ;A Phasedrop L1 Level          ;APdL1Level                    ;1           ;SCALE_NONE     ;0           ;0              ;VALUE_INPUT         ;UNIT_VOLT      ;1       ;1       ;1       ;10      ;0       ;0       ;0       ;1       ;TYPE_U32       
89  ;137  ;A Phasedrop L2 Level          ;APdL2Level                    ;1           ;SCALE_NONE     ;0           ;0              ;VALUE_INPUT         ;UNIT_VOLT      ;1       ;1       ;1       ;10      ;0       ;0       ;0       ;1       ;TYPE_U32       
8A  ;138  ;A Phasedrop L3 Level          ;APdL3Level                    ;1           ;SCALE_NONE     ;0           ;0              ;VALUE_INPUT         ;UNIT_VOLT      ;1       ;1       ;1       ;10      ;0       ;0       ;0       ;1       ;TYPE_U32       
8B  ;139  ;A Phasedrop Aver.Lev.         ;APdAvgLevel                   ;1           ;SCALE_NONE     ;0           ;0              ;VALUE_INPUT         ;UNIT_VOLT      ;1       ;1       ;1       ;10      ;0       ;0       ;0       ;1       ;TYPE_U32       
8C  ;140  ;A Phasedrop A. State          ;APdAlarmState                 ;1           ;SCALE_NONE     ;0           ;0              ;VALUE_INPUT         ;UNIT_NONE      ;1       ;1       ;1       ;10      ;0       ;0       ;0       ;1       ;TYPE_U8        
8D  ;141  ;A Vectorjump Enabled          ;AVjEnab                       ;1           ;SCALE_NONE     ;0           ;0              ;VALUE_OUTPUT        ;UNIT_NONE      ;1       ;0       ;0       ;0       ;0       ;0       ;0       ;0       ;TYPE_U8        
8E  ;142  ;A Vectorjump L1 Lim.          ;AVjL1Lim                      ;1000000     ;SCALE_DIV      ;10000       ;6              ;VALUE_OUTPUT        ;UNIT_SECOND    ;1       ;0       ;1       ;0       ;0       ;0       ;0       ;0       ;TYPE_U32       
8F  ;143  ;A Vectorjump L2 Lim.          ;AVjL2Lim                      ;1000000     ;SCALE_DIV      ;10000       ;6              ;VALUE_OUTPUT        ;UNIT_SECOND    ;1       ;0       ;1       ;0       ;0       ;0       ;0       ;0       ;TYPE_U32       
90  ;144  ;A Vectorjump L3 Lim.          ;AVjL3Lim                      ;1000000     ;SCALE_DIV      ;10000       ;6              ;VALUE_OUTPUT        ;UNIT_SECOND    ;1       ;0       ;1       ;0       ;0       ;0       ;0       ;0       ;TYPE_U32       
91  ;145  ;A Vec.jump L123 Lim.          ;AVjL123Lim                    ;1000000     ;SCALE_DIV      ;10000       ;6              ;VALUE_OUTPUT        ;UNIT_SECOND    ;1       ;0       ;1       ;0       ;0       ;0       ;0       ;0       ;TYPE_U32       
92  ;146  ;A Vec.jump Int. En.           ;AVjInterEnab                  ;1           ;SCALE_NONE     ;0           ;0              ;VALUE_OUTPUT        ;UNIT_NONE      ;1       ;0       ;0       ;0       ;0       ;0       ;0       ;0       ;TYPE_U8        
93  ;147  ;A Vec.jump L1 Level           ;AVjL1Level                    ;1000000     ;SCALE_DIV      ;0           ;6              ;VALUE_INPUT         ;UNIT_SECOND    ;0       ;0       ;5       ;1000    ;0       ;0       ;0       ;0       ;TYPE_S32       
94  ;148  ;A Vec.jump L2 Level           ;AVjL2Level                    ;1000000     ;SCALE_DIV      ;0           ;6              ;VALUE_INPUT         ;UNIT_SECOND    ;0       ;0       ;5       ;1000    ;0       ;0       ;0       ;0       ;TYPE_S32       
95  ;149  ;A Vec.jump L3 Level           ;AVjL3Level                    ;1000000     ;SCALE_DIV      ;0           ;6              ;VALUE_INPUT         ;UNIT_SECOND    ;0       ;0       ;5       ;1000    ;0       ;0       ;0       ;0       ;TYPE_S32       
96  ;150  ;A Vec.jump A. State           ;AVjAlarmState                 ;1           ;SCALE_NONE     ;0           ;0              ;VALUE_INPUT         ;UNIT_NONE      ;0       ;0       ;1       ;10      ;0       ;0       ;0       ;0       ;TYPE_U8        
97  ;151  ;A BadFreq Enable              ;ABadFrqEnab                   ;1           ;SCALE_NONE     ;1           ;0              ;VALUE_OUTPUT        ;UNIT_NONE      ;1       ;0       ;0       ;0       ;0       ;0       ;0       ;0       ;TYPE_U8        
98  ;152  ;A BadFreq Min. Limit          ;ABadFrqMinLim                 ;1000        ;SCALE_DIV      ;45000       ;3              ;VALUE_OUTPUT        ;UNIT_HERTZ     ;1       ;0       ;1       ;0       ;0       ;0       ;0       ;0       ;TYPE_U32       
99  ;153  ;A BadFreq Max. Limit          ;ABadFrqMaxLim                 ;1000        ;SCALE_DIV      ;65000       ;3              ;VALUE_OUTPUT        ;UNIT_HERTZ     ;1       ;0       ;1       ;0       ;0       ;0       ;0       ;0       ;TYPE_U32       
9A  ;154  ;A BadFreq Int. En.            ;ABadFrqInterEnab              ;1           ;SCALE_NONE     ;0           ;0              ;VALUE_OUTPUT        ;UNIT_NONE      ;1       ;0       ;0       ;0       ;0       ;0       ;0       ;0       ;TYPE_U8        
9B  ;155  ;A BadFreq Level               ;ABadFrqLevel                  ;1000        ;SCALE_DIV      ;0           ;3              ;VALUE_INPUT         ;UNIT_HERTZ     ;1       ;1       ;100     ;10      ;0       ;0       ;0       ;1       ;TYPE_U32       
9C  ;156  ;A BadFreq A. State            ;ABadFrqAlarmState             ;1           ;SCALE_NONE     ;0           ;0              ;VALUE_INPUT         ;UNIT_NONE      ;1       ;1       ;1       ;10      ;0       ;0       ;0       ;1       ;TYPE_U8        
9D  ;157  ;DSP Command                   ;DSPCommand                    ;1           ;SCALE_NONE     ;0           ;0              ;VALUE_OUTPUT        ;UNIT_NONE      ;1       ;0       ;0       ;0       ;0       ;0       ;0       ;0       ;TYPE_U8        
9E  ;158  ;DSP State                     ;DSPState                      ;1           ;SCALE_NONE     ;0           ;0              ;VALUE_INPUT         ;UNIT_NONE      ;1       ;1       ;1       ;100     ;0       ;0       ;0       ;0       ;TYPE_U16       
9F  ;159  ;DSP Status                    ;DSPStatus                     ;1           ;SCALE_NONE     ;0           ;0              ;VALUE_INPUT         ;UNIT_NONE      ;1       ;1       ;1       ;100     ;0       ;0       ;0       ;0       ;TYPE_U32       
A0  ;160  ;DSP Alive                     ;DSPAlive                      ;1           ;SCALE_NONE     ;0           ;0              ;VALUE_INPUT         ;UNIT_NONE      ;1       ;1       ;1       ;100     ;0       ;0       ;0       ;0       ;TYPE_U16       
A1  ;161  ;DSP Error                     ;DSPError                      ;1           ;SCALE_NONE     ;0           ;0              ;VALUE_INPUT         ;UNIT_NONE      ;1       ;1       ;1       ;100     ;0       ;0       ;0       ;0       ;TYPE_U32       
A2  ;162  ;DSP ADC Error                 ;DSPADCError                   ;1           ;SCALE_NONE     ;0           ;0              ;VALUE_INPUT         ;UNIT_NONE      ;1       ;1       ;1       ;100     ;0       ;0       ;0       ;0       ;TYPE_U32       
A3  ;163  ;DSP Calc Error                ;DSPCalcError                  ;1           ;SCALE_NONE     ;0           ;0              ;VALUE_INPUT         ;UNIT_NONE      ;1       ;1       ;1       ;100     ;0       ;0       ;0       ;0       ;TYPE_U32       
A4  ;164  ;DSP CPU Error                 ;DSPCPUError                   ;1           ;SCALE_NONE     ;0           ;0              ;VALUE_INPUT         ;UNIT_NONE      ;1       ;1       ;1       ;1000    ;0       ;0       ;0       ;0       ;TYPE_U32       
A5  ;165  ;Sub. DSP Dataset              ;SubscrDSPDataset              ;1           ;SCALE_NONE     ;1           ;0              ;VALUE_OUTPUT        ;UNIT_NONE      ;1       ;0       ;0       ;0       ;0       ;0       ;0       ;0       ;TYPE_U16       
A6  ;166  ;Unsub. DSP Dataset            ;UnsubscrDSPDataset            ;1           ;SCALE_NONE     ;1           ;0              ;VALUE_OUTPUT        ;UNIT_NONE      ;1       ;0       ;0       ;0       ;0       ;0       ;0       ;0       ;TYPE_U16       
A7  ;167  ;Clear ZeroAmp                 ;ClrZeroAmp                    ;1           ;SCALE_NONE     ;0           ;0              ;VALUE_OUTPUT        ;UNIT_NONE      ;1       ;0       ;0       ;0       ;0       ;0       ;0       ;0       ;TYPE_U8        
A8  ;168  ;Clear Phasedrop               ;ClrPd                         ;1           ;SCALE_NONE     ;0           ;0              ;VALUE_OUTPUT        ;UNIT_NONE      ;1       ;0       ;0       ;0       ;0       ;0       ;0       ;0       ;TYPE_U8        
A9  ;169  ;Clear Vectorjump              ;ClrVj                         ;1           ;SCALE_NONE     ;0           ;0              ;VALUE_OUTPUT        ;UNIT_NONE      ;1       ;0       ;0       ;0       ;0       ;0       ;0       ;0       ;TYPE_U8        
AA  ;170  ;Clear BadFreq                 ;ClrBadFrq                     ;1           ;SCALE_NONE     ;0           ;0              ;VALUE_OUTPUT        ;UNIT_NONE      ;1       ;0       ;0       ;0       ;0       ;0       ;0       ;0       ;TYPE_U8        
AB  ;171  ;Clear All                     ;ClrAll                        ;1           ;SCALE_NONE     ;0           ;0              ;VALUE_OUTPUT        ;UNIT_NONE      ;1       ;0       ;0       ;0       ;0       ;0       ;0       ;0       ;TYPE_U8        
AC  ;172  ;Active Phase                  ;ActivePhase                   ;1           ;SCALE_NONE     ;0           ;0              ;VALUE_INPUT         ;UNIT_NONE      ;1       ;1       ;1       ;10      ;0       ;0       ;0       ;1       ;TYPE_U8        
AD  ;173  ;Current L1                    ;PIL1_32                       ;1           ;SCALE_NONE     ;0           ;0              ;VALUE_INPUT         ;UNIT_AMPERE    ;1       ;1       ;1       ;100     ;0       ;0       ;0       ;1       ;TYPE_U32       
AE  ;174  ;Current L2                    ;PIL2_32                       ;1           ;SCALE_NONE     ;0           ;0              ;VALUE_INPUT         ;UNIT_AMPERE    ;1       ;1       ;1       ;100     ;0       ;0       ;0       ;1       ;TYPE_U32       
AF  ;175  ;Current L3                    ;PIL3_32                       ;1           ;SCALE_NONE     ;0           ;0              ;VALUE_INPUT         ;UNIT_AMPERE    ;1       ;1       ;1       ;100     ;0       ;0       ;0       ;1       ;TYPE_U32       
B0  ;176  ;Aver. Current                 ;PIAvg_32                      ;1           ;SCALE_NONE     ;0           ;0              ;VALUE_INPUT         ;UNIT_AMPERE    ;1       ;1       ;1       ;100     ;0       ;0       ;0       ;3       ;TYPE_U32       
B1  ;177  ;Relay set (0=off/1=on)        ;RelaySet                      ;1           ;SCALE_NONE     ;0           ;0              ;BIT_OUTPUT          ;UNIT_NONE      ;1       ;0       ;0       ;0       ;0       ;0       ;0       ;1       ;TYPE_U8        
B2  ;178  ;Relay status                  ;RelayStatus                   ;1           ;SCALE_NONE     ;0           ;0              ;BIT_INPUT           ;UNIT_NONE      ;1       ;1       ;1       ;1000    ;0       ;0       ;0       ;1       ;TYPE_U8        
B3  ;179  ;Measuring Mode                ;MeasureMode                   ;1           ;SCALE_NONE     ;0           ;0              ;OUTPUT_PARAMETER    ;UNIT_NONE      ;1       ;0       ;0       ;0       ;0       ;0       ;0       ;0       ;TYPE_U8        
B4  ;180  ;Active Power                  ;PPSum_S64                     ;1000        ;SCALE_DIV      ;0           ;1              ;VALUE_INPUT         ;UNIT_KWATT     ;0       ;0       ;1       ;100     ;0       ;0       ;0       ;0       ;TYPE_S64       
B5  ;181  ;Apperent Power                ;PSSum_U64                     ;1000        ;SCALE_DIV      ;0           ;1              ;VALUE_INPUT         ;UNIT_KVA       ;0       ;0       ;1       ;100     ;0       ;0       ;0       ;0       ;TYPE_U64       
B6  ;182  ;Reactive Power                ;PQSum_S64                     ;1000        ;SCALE_DIV      ;0           ;1              ;VALUE_INPUT         ;UNIT_KVAR      ;0       ;0       ;1       ;100     ;0       ;0       ;0       ;0       ;TYPE_S64       
B7  ;183  ;EPp L1_64                     ;EPpL1_U64                     ;1           ;SCALE_NONE     ;0           ;0              ;VALUE_INPUT         ;UNIT_WATTS     ;0       ;0       ;1       ;1000    ;0       ;0       ;0       ;0       ;TYPE_U64       
B8  ;184  ;EPp L2_64                     ;EPpL2_U64                     ;1           ;SCALE_NONE     ;0           ;0              ;VALUE_INPUT         ;UNIT_WATTS     ;0       ;0       ;1       ;1000    ;0       ;0       ;0       ;0       ;TYPE_U64       
B9  ;185  ;EPp L3_64                     ;EPpL3_U64                     ;1           ;SCALE_NONE     ;0           ;0              ;VALUE_INPUT         ;UNIT_WATTS     ;0       ;0       ;1       ;1000    ;0       ;0       ;0       ;0       ;TYPE_U64       
BA  ;186  ;Pos.Act.Energy                ;EPpSum_U64                    ;1           ;SCALE_NONE     ;0           ;0              ;VALUE_INPUT         ;UNIT_WATTS     ;0       ;0       ;1       ;1000    ;0       ;0       ;0       ;0       ;TYPE_U64       
BB  ;187  ;EPn L1_64                     ;EPnL1_U64                     ;1           ;SCALE_NONE     ;0           ;0              ;VALUE_INPUT         ;UNIT_WATTS     ;0       ;0       ;1       ;1000    ;0       ;0       ;0       ;0       ;TYPE_U64       
BC  ;188  ;EPn L2_64                     ;EPnL2_U64                     ;1           ;SCALE_NONE     ;0           ;0              ;VALUE_INPUT         ;UNIT_WATTS     ;0       ;0       ;1       ;1000    ;0       ;0       ;0       ;0       ;TYPE_U64       
BD  ;189  ;EPn L3_64                     ;EPnL3_U64                     ;1           ;SCALE_NONE     ;0           ;0              ;VALUE_INPUT         ;UNIT_WATTS     ;0       ;0       ;1       ;1000    ;0       ;0       ;0       ;0       ;TYPE_U64       
BE  ;190  ;Neg.Act.Energy                ;EPnSum_U64                    ;1           ;SCALE_NONE     ;0           ;0              ;VALUE_INPUT         ;UNIT_WATTS     ;0       ;0       ;1       ;1000    ;0       ;0       ;0       ;0       ;TYPE_U64       
BF  ;191  ;EQp L1_64                     ;EQpL1_U64                     ;1           ;SCALE_NONE     ;0           ;0              ;VALUE_INPUT         ;UNIT_VARS      ;0       ;0       ;1       ;1000    ;0       ;0       ;0       ;0       ;TYPE_U64       
C0  ;192  ;EQp L2_64                     ;EQpL2_U64                     ;1           ;SCALE_NONE     ;0           ;0              ;VALUE_INPUT         ;UNIT_VARS      ;0       ;0       ;1       ;1000    ;0       ;0       ;0       ;0       ;TYPE_U64       
C1  ;193  ;EQp L3_64                     ;EQpL3_U64                     ;1           ;SCALE_NONE     ;0           ;0              ;VALUE_INPUT         ;UNIT_VARS      ;0       ;0       ;1       ;1000    ;0       ;0       ;0       ;0       ;TYPE_U64       
C2  ;194  ;Pos.React.Energy              ;EQpSum_U64                    ;1           ;SCALE_NONE     ;0           ;0              ;VALUE_INPUT         ;UNIT_VARS      ;0       ;0       ;1       ;1000    ;0       ;0       ;0       ;0       ;TYPE_U64       
C3  ;195  ;EQn L1_64                     ;EQnL1_U64                     ;1           ;SCALE_NONE     ;0           ;0              ;VALUE_INPUT         ;UNIT_VARS      ;0       ;0       ;1       ;1000    ;0       ;0       ;0       ;0       ;TYPE_U64       
C4  ;196  ;EQn L2_64                     ;EQnL2_U64                     ;1           ;SCALE_NONE     ;0           ;0              ;VALUE_INPUT         ;UNIT_VARS      ;0       ;0       ;1       ;1000    ;0       ;0       ;0       ;0       ;TYPE_U64       
C5  ;197  ;EQn L3_64                     ;EQnL3_U64                     ;1           ;SCALE_NONE     ;0           ;0              ;VALUE_INPUT         ;UNIT_VARS      ;0       ;0       ;1       ;1000    ;0       ;0       ;0       ;0       ;TYPE_U64       
C6  ;198  ;Neg.React.Energy              ;EQnSum_U64                    ;1           ;SCALE_NONE     ;0           ;0              ;VALUE_INPUT         ;UNIT_VARS      ;0       ;0       ;1       ;1000    ;0       ;0       ;0       ;0       ;TYPE_U64       
C7  ;199  ;ES L1_64                      ;ESL1_U64                      ;1           ;SCALE_NONE     ;0           ;0              ;VALUE_INPUT         ;UNIT_VAS       ;0       ;0       ;1       ;1000    ;0       ;0       ;0       ;0       ;TYPE_U64       
C8  ;200  ;ES L2_64                      ;ESL2_U64                      ;1           ;SCALE_NONE     ;0           ;0              ;VALUE_INPUT         ;UNIT_VAS       ;0       ;0       ;1       ;1000    ;0       ;0       ;0       ;0       ;TYPE_U64       
C9  ;201  ;ES L3_64                      ;ESL3_U64                      ;1           ;SCALE_NONE     ;0           ;0              ;VALUE_INPUT         ;UNIT_VAS       ;0       ;0       ;1       ;1000    ;0       ;0       ;0       ;0       ;TYPE_U64       
CA  ;202  ;Apparent Energy               ;ESSum_U64                     ;1           ;SCALE_NONE     ;0           ;0              ;VALUE_INPUT         ;UNIT_VAS       ;0       ;0       ;1       ;1000    ;0       ;0       ;0       ;0       ;TYPE_U64       
CB  ;203  ;Phase unbalance               ;NQUnbalance                   ;100         ;SCALE_DIV      ;0           ;2              ;VALUE_INPUT         ;UNIT_PCT       ;1       ;1       ;1       ;1       ;0       ;0       ;0       ;1       ;TYPE_U32       
CC  ;204  ;Time WP4000                   ;TimeWP4000                    ;1           ;SCALE_NONE     ;0           ;0              ;VALUE_OUTPUT        ;UNIT_NONE      ;1       ;0       ;0       ;0       ;0       ;0       ;0       ;1       ;TYPE_U64       
CD  ;205  ;NQ Sample                     ;NQSample                      ;1           ;SCALE_NONE     ;0           ;0              ;NON_VALUE_INPUT     ;UNIT_NONE      ;1       ;1       ;1       ;1       ;0       ;0       ;0       ;1       ;TYPE_S16       
CE  ;206  ;NQ Sync                       ;NQSync                        ;1           ;SCALE_NONE     ;0           ;0              ;VALUE_INPUT         ;UNIT_NONE      ;1       ;1       ;1       ;1       ;0       ;0       ;0       ;1       ;TYPE_U16       
CF  ;207  ;Sync Ack                      ;SyncAck                       ;1           ;SCALE_NONE     ;1           ;0              ;VALUE_OUTPUT        ;UNIT_NONE      ;1       ;0       ;0       ;0       ;0       ;0       ;0       ;1       ;TYPE_S16       
D0  ;208  ;NQ CfgSync                    ;NQCfgSync                     ;1           ;SCALE_NONE     ;0           ;0              ;VALUE_OUTPUT        ;UNIT_NONE      ;1       ;1       ;1       ;1       ;0       ;0       ;0       ;1       ;TYPE_U8        
D1  ;209  ;NQ CfgData                    ;NQCfgData                     ;1           ;SCALE_NONE     ;0           ;0              ;VALUE_OUTPUT        ;UNIT_NONE      ;1       ;1       ;1       ;1       ;0       ;0       ;0       ;1       ;TYPE_U16       
D2  ;210  ;NQ CfgUploadRes               ;NQCfgUploadRes                ;1           ;SCALE_NONE     ;0           ;0              ;VALUE_INPUT         ;UNIT_NONE      ;1       ;1       ;1       ;1       ;0       ;0       ;0       ;1       ;TYPE_U16       
D3  ;211  ;Flicker                       ;NQFlicker                     ;1000        ;SCALE_DIV      ;0           ;2              ;VALUE_INPUT         ;UNIT_NONE      ;1       ;1       ;1       ;1       ;0       ;0       ;0       ;2       ;TYPE_U32       
D4  ;212  ;GP Enable Fault Detect (bits) ;GP_EnableFaultDet             ;1           ;SCALE_NONE     ;0           ;0              ;OUTPUT_PARAMETER    ;UNIT_NONE      ;1       ;1       ;1       ;0       ;0       ;0       ;0       ;0       ;TYPE_U32       
D5  ;213  ;GP Relay Enable (bits)        ;GP_EnableRelay                ;1           ;SCALE_NONE     ;0           ;0              ;OUTPUT_PARAMETER    ;UNIT_NONE      ;1       ;1       ;1       ;0       ;0       ;0       ;0       ;0       ;TYPE_U32       
D6  ;214  ;GP Fault Reset (bits)         ;GP_ResetFault                 ;1           ;SCALE_NONE     ;0           ;0              ;OUTPUT_PARAMETER    ;UNIT_NONE      ;1       ;1       ;1       ;0       ;0       ;0       ;0       ;0       ;TYPE_U32       
D7  ;215  ;GP DataID (bits)              ;GP_DataID                     ;1           ;SCALE_NONE     ;0           ;0              ;OUTPUT_PARAMETER    ;UNIT_NONE      ;1       ;1       ;1       ;0       ;0       ;0       ;0       ;0       ;TYPE_U32       
D8  ;216  ;GP Over Power Dropout         ;GP_OverPowerThr               ;1           ;SCALE_NONE     ;0           ;0              ;OUTPUT_PARAMETER    ;UNIT_NONE      ;1       ;1       ;1       ;0       ;0       ;0       ;0       ;0       ;TYPE_U32       
D9  ;217  ;GP ROCOF Dropout              ;GP_ROCOFThr                   ;100         ;SCALE_DIV      ;100         ;2              ;OUTPUT_PARAMETER    ;UNIT_NONE      ;0       ;0       ;0       ;0       ;0       ;0       ;0       ;0       ;TYPE_U32       
DA  ;218  ;GP Over Power Fallback        ;GP_OverPowerFallback          ;100         ;SCALE_DIV      ;98          ;2              ;OUTPUT_PARAMETER    ;UNIT_NONE      ;1       ;1       ;1       ;0       ;0       ;0       ;0       ;0       ;TYPE_U32       
DB  ;219  ;GP ROCOF Fallback             ;GP_ROCOFFallback              ;100         ;SCALE_DIV      ;10          ;2              ;OUTPUT_PARAMETER    ;UNIT_NONE      ;0       ;0       ;0       ;0       ;0       ;0       ;0       ;0       ;TYPE_U32       
DC  ;220  ;GP ROCOF Calc Period          ;GP_AvgPeriodCnt               ;1           ;SCALE_NONE     ;25          ;0              ;OUTPUT_PARAMETER    ;UNIT_NONE      ;0       ;0       ;0       ;0       ;0       ;0       ;0       ;0       ;TYPE_U32       
DD  ;221  ;GP Block Dropout (bits)       ;GP_BlockFallback              ;1           ;SCALE_NONE     ;0           ;0              ;OUTPUT_PARAMETER    ;UNIT_NONE      ;1       ;1       ;1       ;0       ;0       ;0       ;0       ;0       ;TYPE_U32       
DE  ;222  ;GP Freq Protect Block Volt    ;GP_FreqProtectBlockVolt       ;100         ;SCALE_DIV      ;70          ;2              ;OUTPUT_PARAMETER    ;UNIT_NONE      ;1       ;1       ;1       ;0       ;0       ;0       ;0       ;0       ;TYPE_U32       
DF  ;223  ;GP Q-Voltage Q Min            ;GP_ReactPowerMax              ;1           ;SCALE_NONE     ;500         ;0              ;OUTPUT_PARAMETER    ;UNIT_VAR       ;1       ;1       ;1       ;0       ;0       ;0       ;0       ;0       ;TYPE_U32       
E0  ;224  ;GP Voltage Thld High1         ;GP_VoltThrHigh1               ;100         ;SCALE_DIV      ;108         ;2              ;OUTPUT_PARAMETER    ;UNIT_NONE      ;1       ;1       ;1       ;0       ;0       ;0       ;0       ;0       ;TYPE_U16       
E1  ;225  ;GP Voltage Thld High2         ;GP_VoltThrHigh2               ;100         ;SCALE_DIV      ;120         ;2              ;OUTPUT_PARAMETER    ;UNIT_NONE      ;1       ;1       ;1       ;0       ;0       ;0       ;0       ;0       ;TYPE_U16       
E2  ;226  ;GP Voltage Thld Low1          ;GP_VoltThrLow1                ;100         ;SCALE_DIV      ;80          ;2              ;OUTPUT_PARAMETER    ;UNIT_NONE      ;1       ;1       ;1       ;0       ;0       ;0       ;0       ;0       ;TYPE_U16       
E3  ;227  ;GP Voltage Thld Low2          ;GP_VoltThrLow2                ;100         ;SCALE_DIV      ;45          ;2              ;OUTPUT_PARAMETER    ;UNIT_NONE      ;1       ;1       ;1       ;0       ;0       ;0       ;0       ;0       ;TYPE_U16       
E4  ;228  ;GP Current Thld High1         ;GP_CurrThrHigh1               ;100         ;SCALE_DIV      ;110         ;2              ;OUTPUT_PARAMETER    ;UNIT_NONE      ;1       ;1       ;1       ;0       ;0       ;0       ;0       ;0       ;TYPE_U16       
E5  ;229  ;GP Current Thld High2         ;GP_CurrThrHigh2               ;100         ;SCALE_DIV      ;120         ;2              ;OUTPUT_PARAMETER    ;UNIT_NONE      ;1       ;1       ;1       ;0       ;0       ;0       ;0       ;0       ;TYPE_U16       
E6  ;230  ;GP Freq Thld High1            ;GP_FreqThrHigh1               ;100         ;SCALE_DIV      ;150         ;2              ;OUTPUT_PARAMETER    ;UNIT_HERTZ     ;1       ;1       ;1       ;0       ;0       ;0       ;0       ;0       ;TYPE_U16       
E7  ;231  ;GP Freq Thld High2            ;GP_FreqThrHigh2               ;100         ;SCALE_DIV      ;250         ;2              ;OUTPUT_PARAMETER    ;UNIT_HERTZ     ;1       ;1       ;1       ;0       ;0       ;0       ;0       ;0       ;TYPE_U16       
E8  ;232  ;GP Freq Thld High3            ;GP_FreqThrHigh3               ;100         ;SCALE_DIV      ;300         ;2              ;OUTPUT_PARAMETER    ;UNIT_HERTZ     ;1       ;1       ;1       ;0       ;0       ;0       ;0       ;0       ;TYPE_U16       
E9  ;233  ;GP Freq Thld Low1             ;GP_FreqThrLow1                ;100         ;SCALE_DIV      ;150         ;2              ;OUTPUT_PARAMETER    ;UNIT_HERTZ     ;1       ;1       ;1       ;0       ;0       ;0       ;0       ;0       ;TYPE_U16       
EA  ;234  ;GP Freq Thld Low2             ;GP_FreqThrLow2                ;100         ;SCALE_DIV      ;250         ;2              ;OUTPUT_PARAMETER    ;UNIT_HERTZ     ;1       ;1       ;1       ;0       ;0       ;0       ;0       ;0       ;TYPE_U16       
EB  ;235  ;GP Freq Thld Low3             ;GP_FreqThrLow3                ;100         ;SCALE_DIV      ;300         ;2              ;OUTPUT_PARAMETER    ;UNIT_HERTZ     ;1       ;1       ;1       ;0       ;0       ;0       ;0       ;0       ;TYPE_U16       
EC  ;236  ;GP Avg Volt Thld High1        ;GP_AvgVoltThrHigh1            ;100         ;SCALE_DIV      ;108         ;2              ;OUTPUT_PARAMETER    ;UNIT_NONE      ;1       ;1       ;1       ;0       ;0       ;0       ;0       ;0       ;TYPE_U16       
ED  ;237  ;GP Avg Volt Thld High2        ;GP_AvgVoltThrHigh2            ;100         ;SCALE_DIV      ;120         ;2              ;OUTPUT_PARAMETER    ;UNIT_NONE      ;1       ;1       ;1       ;0       ;0       ;0       ;0       ;0       ;TYPE_U16       
EE  ;238  ;GP Avg Volt Thld Low1         ;GP_AvgVoltThrLow1             ;100         ;SCALE_DIV      ;80          ;2              ;OUTPUT_PARAMETER    ;UNIT_NONE      ;1       ;1       ;1       ;0       ;0       ;0       ;0       ;0       ;TYPE_U16       
EF  ;239  ;GP Avg Volt Thld Low2         ;GP_AvgVoltThrLow2             ;100         ;SCALE_DIV      ;45          ;2              ;OUTPUT_PARAMETER    ;UNIT_NONE      ;1       ;1       ;1       ;0       ;0       ;0       ;0       ;0       ;TYPE_U16       
F0  ;240  ;GP Q-Voltage Thld             ;GP_QVoltThr                   ;100         ;SCALE_DIV      ;85          ;2              ;OUTPUT_PARAMETER    ;UNIT_NONE      ;1       ;1       ;1       ;0       ;0       ;0       ;0       ;0       ;TYPE_U16       
F1  ;241  ;GP Vector Jump Thld           ;GP_MaxVectorJump              ;10          ;SCALE_DIV      ;50          ;1              ;OUTPUT_PARAMETER    ;UNIT_DEGREE    ;1       ;1       ;1       ;0       ;0       ;0       ;0       ;0       ;TYPE_U16       
F2  ;242  ;GP Voltage Dropout High       ;GP_VoltFallBackHigh           ;100         ;SCALE_DIV      ;98          ;2              ;OUTPUT_PARAMETER    ;UNIT_NONE      ;1       ;1       ;1       ;0       ;0       ;0       ;0       ;0       ;TYPE_U16       
F3  ;243  ;GP Voltage Dropout Low        ;GP_VoltFallBackLow            ;100         ;SCALE_DIV      ;102         ;2              ;OUTPUT_PARAMETER    ;UNIT_NONE      ;1       ;1       ;1       ;0       ;0       ;0       ;0       ;0       ;TYPE_U16       
F4  ;244  ;GP Current Dropout High       ;GP_CurrFallBackHigh           ;100         ;SCALE_DIV      ;98          ;2              ;OUTPUT_PARAMETER    ;UNIT_NONE      ;1       ;1       ;1       ;0       ;0       ;0       ;0       ;0       ;TYPE_U16       
F5  ;245  ;GP Freq Dropout High          ;GP_FreqFallBackHigh           ;100         ;SCALE_DIV      ;10          ;2              ;OUTPUT_PARAMETER    ;UNIT_HERTZ     ;1       ;1       ;1       ;0       ;0       ;0       ;0       ;0       ;TYPE_U16       
F6  ;246  ;GP Freq Dropout Low           ;GP_FreqFallBackLow            ;100         ;SCALE_DIV      ;10          ;2              ;OUTPUT_PARAMETER    ;UNIT_HERTZ     ;1       ;1       ;1       ;0       ;0       ;0       ;0       ;0       ;TYPE_U16       
F7  ;247  ;GP Q-Voltage Dropout          ;GP_QVoltFallbackVolt          ;100         ;SCALE_DIV      ;102         ;2              ;OUTPUT_PARAMETER    ;UNIT_NONE      ;1       ;1       ;1       ;0       ;0       ;0       ;0       ;0       ;TYPE_U16       
F8  ;248  ;GP Vector Jump Dropout        ;GP_VectorJumpFallback         ;10          ;SCALE_DIV      ;1           ;1              ;OUTPUT_PARAMETER    ;UNIT_DEGREE    ;1       ;1       ;1       ;0       ;0       ;0       ;0       ;0       ;TYPE_U16       
F9  ;249  ;GP Voltage Timeout High1      ;GP_VoltTimeoutHigh1           ;100         ;SCALE_DIV      ;6000        ;2              ;OUTPUT_PARAMETER    ;UNIT_SECOND    ;1       ;1       ;1       ;0       ;0       ;0       ;0       ;0       ;TYPE_U16       
FA  ;250  ;GP Voltage Timeout High2      ;GP_VoltTimeoutHigh2           ;100         ;SCALE_DIV      ;0           ;2              ;OUTPUT_PARAMETER    ;UNIT_SECOND    ;1       ;1       ;1       ;0       ;0       ;0       ;0       ;0       ;TYPE_U16       
FB  ;251  ;GP Voltage Timeout Low1       ;GP_VoltTimeoutLow1            ;100         ;SCALE_DIV      ;150         ;2              ;OUTPUT_PARAMETER    ;UNIT_SECOND    ;1       ;1       ;1       ;0       ;0       ;0       ;0       ;0       ;TYPE_U16       
FC  ;252  ;GP Voltage Timeout Low2       ;GP_VoltTimeoutLow2            ;100         ;SCALE_DIV      ;30          ;2              ;OUTPUT_PARAMETER    ;UNIT_SECOND    ;1       ;1       ;1       ;0       ;0       ;0       ;0       ;0       ;TYPE_U16       
FD  ;253  ;GP Current Timeout High1      ;GP_CurrTimeoutHigh1           ;100         ;SCALE_DIV      ;50          ;2              ;OUTPUT_PARAMETER    ;UNIT_SECOND    ;1       ;1       ;1       ;0       ;0       ;0       ;0       ;0       ;TYPE_U16       
FE  ;254  ;GP Current Timeout High2      ;GP_CurrTimeoutHigh2           ;100         ;SCALE_DIV      ;10          ;2              ;OUTPUT_PARAMETER    ;UNIT_SECOND    ;1       ;1       ;1       ;0       ;0       ;0       ;0       ;0       ;TYPE_U16       
FF  ;255  ;GP Freq Timeout High1         ;GP_FreqTimeoutHigh1           ;100         ;SCALE_DIV      ;0           ;2              ;OUTPUT_PARAMETER    ;UNIT_SECOND    ;1       ;1       ;1       ;0       ;0       ;0       ;0       ;0       ;TYPE_U16       
100 ;256  ;GP Freq Timeout High2         ;GP_FreqTimeoutHigh2           ;100         ;SCALE_DIV      ;0           ;2              ;OUTPUT_PARAMETER    ;UNIT_SECOND    ;1       ;1       ;1       ;0       ;0       ;0       ;0       ;0       ;TYPE_U16       
101 ;257  ;GP Freq Timeout High3         ;GP_FreqTimeoutHigh3           ;100         ;SCALE_DIV      ;0           ;2              ;OUTPUT_PARAMETER    ;UNIT_SECOND    ;1       ;1       ;1       ;0       ;0       ;0       ;0       ;0       ;TYPE_U16       
102 ;258  ;GP Freq Timeout Low1          ;GP_FreqTimeoutLow1            ;100         ;SCALE_DIV      ;0           ;2              ;OUTPUT_PARAMETER    ;UNIT_SECOND    ;1       ;1       ;1       ;0       ;0       ;0       ;0       ;0       ;TYPE_U16       
103 ;259  ;GP Freq Timeout Low2          ;GP_FreqTimeoutLow2            ;100         ;SCALE_DIV      ;0           ;2              ;OUTPUT_PARAMETER    ;UNIT_SECOND    ;1       ;1       ;1       ;0       ;0       ;0       ;0       ;0       ;TYPE_U16       
104 ;260  ;GP Freq Timeout Low3          ;GP_FreqTimeoutLow3            ;100         ;SCALE_DIV      ;0           ;2              ;OUTPUT_PARAMETER    ;UNIT_SECOND    ;1       ;1       ;1       ;0       ;0       ;0       ;0       ;0       ;TYPE_U16       
105 ;261  ;GP Avg Volt Timeout High1     ;GP_VoltTimeoutAveHigh1        ;100         ;SCALE_DIV      ;6000        ;2              ;OUTPUT_PARAMETER    ;UNIT_SECOND    ;1       ;1       ;1       ;0       ;0       ;0       ;0       ;0       ;TYPE_U16       
106 ;262  ;GP Avg Volt Timeout High2     ;GP_VoltTimeoutAveHigh2        ;100         ;SCALE_DIV      ;10          ;2              ;OUTPUT_PARAMETER    ;UNIT_SECOND    ;1       ;1       ;1       ;0       ;0       ;0       ;0       ;0       ;TYPE_U16       
107 ;263  ;GP Avg Volt Timeout Low1      ;GP_VoltTimeoutAveLow1         ;100         ;SCALE_DIV      ;150         ;2              ;OUTPUT_PARAMETER    ;UNIT_SECOND    ;1       ;1       ;1       ;0       ;0       ;0       ;0       ;0       ;TYPE_U16       
108 ;264  ;GP Avg Volt Timeout Low2      ;GP_VoltTimeoutAveLow2         ;100         ;SCALE_DIV      ;30          ;2              ;OUTPUT_PARAMETER    ;UNIT_SECOND    ;1       ;1       ;1       ;0       ;0       ;0       ;0       ;0       ;TYPE_U16       
109 ;265  ;GP Q-Voltage Timeout          ;GP_QVoltTimeout               ;100         ;SCALE_DIV      ;50          ;2              ;OUTPUT_PARAMETER    ;UNIT_SECOND    ;1       ;1       ;1       ;0       ;0       ;0       ;0       ;0       ;TYPE_U16       
10A ;266  ;GP ROCOF Timeout              ;GP_RocofTimeout               ;100         ;SCALE_DIV      ;0           ;2              ;OUTPUT_PARAMETER    ;UNIT_SECOND    ;1       ;1       ;1       ;0       ;0       ;0       ;0       ;0       ;TYPE_U16       
10B ;267  ;GP Vector Jump Timeout        ;GP_VectorJumpTimeout          ;100         ;SCALE_DIV      ;0           ;2              ;OUTPUT_PARAMETER    ;UNIT_SECOND    ;1       ;1       ;1       ;0       ;0       ;0       ;0       ;0       ;TYPE_U16       
10C ;268  ;GP Reset Relay Min Volt       ;GP_MinResetVoltage            ;100         ;SCALE_DIV      ;95          ;2              ;OUTPUT_PARAMETER    ;UNIT_NONE      ;1       ;1       ;1       ;0       ;0       ;0       ;0       ;0       ;TYPE_U16       
10D ;269  ;GP Reset Relay Min Freq       ;GP_MinResetFreq               ;100         ;SCALE_DIV      ;250         ;2              ;OUTPUT_PARAMETER    ;UNIT_HERTZ     ;1       ;1       ;1       ;0       ;0       ;0       ;0       ;0       ;TYPE_U16       
10E ;270  ;GP Reset Relay Max Freq       ;GP_MaxResetFreq               ;100         ;SCALE_DIV      ;5           ;2              ;OUTPUT_PARAMETER    ;UNIT_HERTZ     ;1       ;1       ;1       ;0       ;0       ;0       ;0       ;0       ;TYPE_U16       
10F ;271  ;GP Relay Min Active Time      ;GP_MinOpenTime                ;100         ;SCALE_DIV      ;500         ;2              ;OUTPUT_PARAMETER    ;UNIT_SECOND    ;1       ;1       ;1       ;0       ;0       ;0       ;0       ;0       ;TYPE_U16       
110 ;272  ;GP Relay Reset Timeout        ;GP_RelayResetTimeout          ;10          ;SCALE_DIV      ;100         ;1              ;OUTPUT_PARAMETER    ;UNIT_MINUTE    ;1       ;1       ;1       ;0       ;0       ;0       ;0       ;0       ;TYPE_U16       
111 ;273  ;GP Over Power Timeout         ;GP_MeasurementTime            ;100         ;SCALE_DIV      ;0           ;2              ;OUTPUT_PARAMETER    ;UNIT_SECOND    ;1       ;1       ;1       ;0       ;0       ;0       ;0       ;0       ;TYPE_U16       
112 ;274  ;GP Nominal Voltage            ;UNominal                      ;1           ;SCALE_NONE     ;690         ;0              ;OUTPUT_PARAMETER    ;UNIT_VOLT      ;1       ;0       ;0       ;0       ;0       ;0       ;0       ;0       ;TYPE_U16       
113 ;275  ;GP Nominal Current            ;INominal                      ;1           ;SCALE_NONE     ;3000        ;0              ;OUTPUT_PARAMETER    ;UNIT_AMPERE    ;1       ;0       ;0       ;0       ;0       ;0       ;0       ;0       ;TYPE_U16       
114 ;276  ;GP Nominal Frequency          ;FreqNominal                   ;1           ;SCALE_NONE     ;50          ;0              ;OUTPUT_PARAMETER    ;UNIT_HERTZ     ;1       ;0       ;0       ;0       ;0       ;0       ;0       ;0       ;TYPE_U16       
115 ;277  ;GP Enable Reset Relay Cond    ;GP_ResetRelayEn               ;1           ;SCALE_NONE     ;1           ;0              ;OUTPUT_PARAMETER    ;UNIT_NONE      ;1       ;1       ;1       ;0       ;0       ;0       ;0       ;0       ;TYPE_U8        
116 ;278  ;GP Reset Relay                ;GP_ResetRelay                 ;1           ;SCALE_NONE     ;0           ;0              ;VALUE_OUTPUT        ;UNIT_NONE      ;1       ;1       ;1       ;0       ;0       ;0       ;0       ;0       ;TYPE_U8        
117 ;279  ;GP Manual Protect Activation  ;GP_ManRelCtrl                 ;1           ;SCALE_NONE     ;0           ;0              ;VALUE_OUTPUT        ;UNIT_NONE      ;1       ;1       ;1       ;0       ;0       ;0       ;0       ;0       ;TYPE_U8        
118 ;280  ;GP Relay Inversion            ;GP_ActiveHigh                 ;1           ;SCALE_NONE     ;0           ;0              ;OUTPUT_PARAMETER    ;UNIT_NONE      ;1       ;1       ;1       ;0       ;0       ;0       ;0       ;0       ;TYPE_U8        
119 ;281  ;GP Q-Voltage Q Sign           ;GP_ReactPowerSign             ;1           ;SCALE_NONE     ;0           ;0              ;OUTPUT_PARAMETER    ;UNIT_NONE      ;1       ;1       ;1       ;0       ;0       ;0       ;0       ;0       ;TYPE_U8        
11A ;282  ;GP Vector Jump Phase Num      ;GP_PhaseCountAboveThr         ;1           ;SCALE_NONE     ;3           ;0              ;OUTPUT_PARAMETER    ;UNIT_NONE      ;1       ;1       ;1       ;0       ;0       ;0       ;0       ;0       ;TYPE_U8        
11B ;283  ;GP Voltage Protect Mode       ;GP_VoltProtMode               ;1           ;SCALE_NONE     ;1           ;0              ;OUTPUT_PARAMETER    ;UNIT_NONE      ;0       ;0       ;0       ;0       ;0       ;0       ;0       ;0       ;TYPE_U8        
11C ;284  ;GP Avg Volt Protect Mode      ;GP_AvgVoltProtMode            ;1           ;SCALE_NONE     ;0           ;0              ;OUTPUT_PARAMETER    ;UNIT_NONE      ;1       ;1       ;1       ;0       ;0       ;0       ;0       ;0       ;TYPE_U8        
11D ;285  ;GP Voltage Protect Type       ;GP_VoltProtType               ;1           ;SCALE_NONE     ;0           ;0              ;OUTPUT_PARAMETER    ;UNIT_NONE      ;1       ;1       ;1       ;0       ;0       ;0       ;0       ;0       ;TYPE_U8        
11E ;286  ;GP Protect Cond True (bits)   ;GP_PreActiveProt              ;1           ;SCALE_NONE     ;0           ;0              ;VALUE_INPUT         ;UNIT_NONE      ;1       ;1       ;1       ;0       ;0       ;0       ;0       ;0       ;TYPE_U32       
11F ;287  ;GP Protect Active (bits)      ;GP_ActiveProt                 ;1           ;SCALE_NONE     ;0           ;0              ;VALUE_INPUT         ;UNIT_NONE      ;1       ;1       ;1       ;0       ;0       ;0       ;0       ;0       ;TYPE_U32       
120 ;288  ;GP Cfg Allowed                ;GP_CfgAllowed                 ;1           ;SCALE_NONE     ;0           ;0              ;VALUE_INPUT         ;UNIT_NONE      ;1       ;1       ;1       ;0       ;0       ;0       ;0       ;0       ;TYPE_U8        
121 ;289  ;Voltage L1-L2                 ;GP_PhaseVolt1                 ;1           ;SCALE_NONE     ;0           ;0              ;VALUE_INPUT         ;UNIT_VOLT      ;1       ;1       ;1       ;100     ;0       ;0       ;0       ;1       ;TYPE_U32       
122 ;290  ;Voltage L2-L3                 ;GP_PhaseVolt2                 ;1           ;SCALE_NONE     ;0           ;0              ;VALUE_INPUT         ;UNIT_VOLT      ;1       ;1       ;1       ;100     ;0       ;0       ;0       ;1       ;TYPE_U32       
123 ;291  ;Voltage L3-L1                 ;GP_PhaseVolt3                 ;1           ;SCALE_NONE     ;0           ;0              ;VALUE_INPUT         ;UNIT_VOLT      ;1       ;1       ;1       ;100     ;0       ;0       ;0       ;1       ;TYPE_U32       
