WP-Line511 DataID´s:;;;;;;;;;;;;;;;;;;

Hex ;Dec  ;Beskrivelse                   ;Navn                          ;Scale Val   ;Scale Typ      ;Initial     ;Precision      ;Type                ;Unit           ;Enable  ;Supscr. ;Thresh. ;Holdtm. ;Invert  ;Offset  ;Scale   ;LogFlag ;Type
1D  ;29   ;Max temperature               ;MaxTmp                        ;10          ;SCALE_DIV      ;850         ;1              ;PARAMETER           ;UNIT_CELSIUS   ;0       ;0       ;0       ;0       ;0       ;0       ;0       ;0       ;TYPE_S16       
20  ;32   ;DataID Count                  ;DataIdCnt                     ;1           ;SCALE_NONE     ;0           ;0              ;LOCAL               ;UNIT_NONE      ;0       ;0       ;0       ;0       ;0       ;0       ;0       ;0       ;TYPE_U16       
21  ;33   ;Supply +24V                   ;24Vol                         ;10          ;SCALE_DIV      ;0           ;1              ;VALUE_INPUT         ;UNIT_VOLT      ;1       ;1       ;10      ;100     ;0       ;0       ;0       ;0       ;TYPE_U16       
22  ;34   ;CAN external V                ;CANExtV                       ;1           ;SCALE_NONE     ;0           ;0              ;BIT_INPUT           ;UNIT_NONE      ;1       ;1       ;1       ;0       ;0       ;0       ;0       ;1       ;TYPE_U8        
23  ;35   ;CAN internal V                ;CANIntV                       ;1           ;SCALE_NONE     ;0           ;0              ;BIT_INPUT           ;UNIT_NONE      ;1       ;1       ;1       ;0       ;0       ;0       ;0       ;1       ;TYPE_U8        
24  ;36   ;COM1 Mode                     ;COM1_Mode                     ;1           ;SCALE_NONE     ;0           ;0              ;VALUE_OUTPUT        ;UNIT_NONE      ;1       ;0       ;0       ;0       ;0       ;0       ;0       ;0       ;TYPE_U8        
25  ;37   ;COM1 Baudrate                 ;COM1_Baud                     ;1           ;SCALE_NONE     ;0           ;0              ;VALUE_OUTPUT        ;UNIT_NONE      ;1       ;0       ;0       ;0       ;0       ;0       ;0       ;0       ;TYPE_U32       
26  ;38   ;COM1 Databits                 ;COM1_DataBits                 ;1           ;SCALE_NONE     ;0           ;0              ;VALUE_OUTPUT        ;UNIT_NONE      ;1       ;0       ;0       ;0       ;0       ;0       ;0       ;0       ;TYPE_U8        
27  ;39   ;COM1 Stopbits                 ;COM1_StopBits                 ;1           ;SCALE_NONE     ;0           ;0              ;VALUE_OUTPUT        ;UNIT_NONE      ;1       ;0       ;0       ;0       ;0       ;0       ;0       ;0       ;TYPE_U8        
28  ;40   ;COM1 Parity                   ;COM1_Parity                   ;1           ;SCALE_NONE     ;0           ;0              ;VALUE_OUTPUT        ;UNIT_NONE      ;1       ;0       ;0       ;0       ;0       ;0       ;0       ;0       ;TYPE_U8        
29  ;41   ;COM1 Acknowledgement          ;COM1_acknowledgement          ;1           ;SCALE_NONE     ;0           ;0              ;VALUE_OUTPUT        ;UNIT_NONE      ;1       ;0       ;0       ;0       ;0       ;0       ;0       ;0       ;TYPE_U8        
2A  ;42   ;COM1 Activation               ;COM1_activation               ;1           ;SCALE_NONE     ;0           ;0              ;VALUE_OUTPUT        ;UNIT_NONE      ;1       ;0       ;0       ;0       ;0       ;0       ;0       ;0       ;TYPE_U8        
2B  ;43   ;TX COM1                       ;COM1_TX                       ;1           ;SCALE_NONE     ;0           ;0              ;NON_VALUE_OUTPUT    ;UNIT_NONE      ;1       ;0       ;0       ;0       ;0       ;0       ;0       ;0       ;TYPE_COM       
2C  ;44   ;RX COM1                       ;COM1_RX                       ;1           ;SCALE_NONE     ;0           ;0              ;NON_VALUE_INPUT     ;UNIT_NONE      ;1       ;1       ;1       ;0       ;0       ;0       ;0       ;0       ;TYPE_COM       
2D  ;45   ;BBN 1 Port On/Off             ;BBN 1                         ;1           ;SCALE_NONE     ;1           ;0              ;OUTPUT_PARAMETER    ;UNIT_NONE      ;1       ;0       ;0       ;0       ;0       ;0       ;0       ;0       ;TYPE_U8        
2E  ;46   ;BBN 1 Port Speed              ;BBN 1 Speed                   ;1           ;SCALE_NONE     ;100         ;0              ;OUTPUT_PARAMETER    ;UNIT_NONE      ;1       ;0       ;0       ;0       ;0       ;0       ;0       ;0       ;TYPE_U8        
2F  ;47   ;BBN 1 Duplex Half(0)/Full(1)  ;BBN 1 Duplex                  ;1           ;SCALE_NONE     ;1           ;0              ;OUTPUT_PARAMETER    ;UNIT_NONE      ;1       ;0       ;0       ;0       ;0       ;0       ;0       ;0       ;TYPE_U8        
30  ;48   ;BBN 1 Auto Negotiation        ;BBN 1 AutoNego                ;1           ;SCALE_NONE     ;1           ;0              ;OUTPUT_PARAMETER    ;UNIT_NONE      ;1       ;0       ;0       ;0       ;0       ;0       ;0       ;0       ;TYPE_U8        
31  ;49   ;BBN 4 On/Off                  ;BBN 4                         ;1           ;SCALE_NONE     ;1           ;0              ;OUTPUT_PARAMETER    ;UNIT_NONE      ;1       ;0       ;0       ;0       ;0       ;0       ;0       ;0       ;TYPE_U8        
32  ;50   ;BBN 4 Speed                   ;BBN 4 Speed                   ;1           ;SCALE_NONE     ;100         ;0              ;OUTPUT_PARAMETER    ;UNIT_NONE      ;1       ;0       ;0       ;0       ;0       ;0       ;0       ;0       ;TYPE_U8        
33  ;51   ;BBN 4 Duplex Half(0)/Full(1)  ;BBN 4 Duplex                  ;1           ;SCALE_NONE     ;1           ;0              ;OUTPUT_PARAMETER    ;UNIT_NONE      ;1       ;0       ;0       ;0       ;0       ;0       ;0       ;0       ;TYPE_U8        
34  ;52   ;BBN 4 Auto Negotiation        ;BBN 4 AutoNego                ;1           ;SCALE_NONE     ;1           ;0              ;OUTPUT_PARAMETER    ;UNIT_NONE      ;1       ;0       ;0       ;0       ;0       ;0       ;0       ;0       ;TYPE_U8        
35  ;53   ;BBN 2 Port On/Off             ;BBN 2                         ;1           ;SCALE_NONE     ;1           ;0              ;OUTPUT_PARAMETER    ;UNIT_NONE      ;1       ;0       ;0       ;0       ;0       ;0       ;0       ;0       ;TYPE_U8        
36  ;54   ;BBN 3 Port On/Off             ;BBN 3                         ;1           ;SCALE_NONE     ;1           ;0              ;OUTPUT_PARAMETER    ;UNIT_NONE      ;1       ;0       ;0       ;0       ;0       ;0       ;0       ;0       ;TYPE_U8        
37  ;55   ;BBN 1 VLAN                    ;BBN 1 VLAN                    ;1           ;SCALE_NONE     ;2345        ;0              ;OUTPUT_PARAMETER    ;UNIT_NONE      ;1       ;0       ;0       ;0       ;0       ;0       ;0       ;0       ;TYPE_U16       
38  ;56   ;BBN 2 VLAN                    ;BBN 2 VLAN                    ;1           ;SCALE_NONE     ;1345        ;0              ;OUTPUT_PARAMETER    ;UNIT_NONE      ;1       ;0       ;0       ;0       ;0       ;0       ;0       ;0       ;TYPE_U16       
39  ;57   ;BBN 3 VLAN                    ;BBN 3 VLAN                    ;1           ;SCALE_NONE     ;1245        ;0              ;OUTPUT_PARAMETER    ;UNIT_NONE      ;1       ;0       ;0       ;0       ;0       ;0       ;0       ;0       ;TYPE_U16       
3A  ;58   ;BBN 4 VLAN                    ;BBN 4 VLAN                    ;1           ;SCALE_NONE     ;1235        ;0              ;OUTPUT_PARAMETER    ;UNIT_NONE      ;1       ;0       ;0       ;0       ;0       ;0       ;0       ;0       ;TYPE_U16       
3B  ;59   ;Internal Port VLAN            ;InternalPort VLAN             ;1           ;SCALE_NONE     ;1234        ;0              ;OUTPUT_PARAMETER    ;UNIT_NONE      ;1       ;0       ;0       ;0       ;0       ;0       ;0       ;0       ;TYPE_U16       
3C  ;60   ;BBN 1 Sniffer On/Off          ;BBN 1 Sniffer                 ;1           ;SCALE_NONE     ;0           ;0              ;OUTPUT_PARAMETER    ;UNIT_NONE      ;1       ;0       ;0       ;0       ;0       ;0       ;0       ;0       ;TYPE_U8        
3D  ;61   ;Ethernet Switch Reset         ;SwitchReset                   ;1           ;SCALE_NONE     ;0           ;0              ;BIT_OUTPUT          ;UNIT_NONE      ;1       ;0       ;0       ;0       ;0       ;0       ;0       ;0       ;TYPE_U8        
3E  ;62   ;Supply +3.3V                  ;3V3                           ;10          ;SCALE_DIV      ;0           ;1              ;VALUE_INPUT         ;UNIT_VOLT      ;1       ;1       ;10      ;100     ;0       ;0       ;0       ;0       ;TYPE_U16       
3F  ;63   ;Supply +3.3V #1 Toggle Time   ;3V3Vol1Toggle                 ;1           ;SCALE_NONE     ;0           ;0              ;BIT_OUTPUT          ;UNIT_SECOND    ;1       ;1       ;1       ;500     ;0       ;0       ;0       ;0       ;TYPE_U8        
40  ;64   ;Supply +3.3V #1 Active        ;3V3Vol1Active                 ;1           ;SCALE_NONE     ;0           ;0              ;BIT_INPUT           ;UNIT_NONE      ;1       ;1       ;1       ;500     ;0       ;0       ;0       ;0       ;TYPE_U8        
41  ;65   ;CAN State                     ;CAN_State                     ;1           ;SCALE_NONE     ;2           ;0              ;NON_VALUE_INPUT     ;UNIT_NONE      ;1       ;1       ;1       ;1       ;0       ;0       ;0       ;1       ;TYPE_U16       
42  ;66   ;CAN RX Errors                 ;CAN_RE_Count                  ;1           ;SCALE_NONE     ;0           ;0              ;VALUE_INPUT         ;UNIT_NONE      ;1       ;1       ;127     ;1       ;0       ;0       ;0       ;1       ;TYPE_U8        
43  ;67   ;CAN TX Errors                 ;CAN_TE_Count                  ;1           ;SCALE_NONE     ;0           ;0              ;VALUE_INPUT         ;UNIT_NONE      ;1       ;1       ;127     ;1       ;0       ;0       ;0       ;1       ;TYPE_U8        
44  ;68   ;CAN RX Messages               ;CAN_RX_MSG                    ;1           ;SCALE_NONE     ;0           ;0              ;VALUE_INPUT         ;UNIT_NONE      ;1       ;1       ;1       ;2000    ;0       ;0       ;0       ;0       ;TYPE_U32       
45  ;69   ;CAN TX Messages               ;CAN_TX_MSG                    ;1           ;SCALE_NONE     ;0           ;0              ;VALUE_INPUT         ;UNIT_NONE      ;1       ;1       ;1       ;2000    ;0       ;0       ;0       ;0       ;TYPE_U32       
AA  ;170  ;Slave 1 State                 ;Slave1State                   ;1           ;SCALE_NONE     ;0           ;0              ;VALUE_INPUT         ;UNIT_NONE      ;1       ;1       ;1       ;0       ;0       ;0       ;0       ;0       ;TYPE_U32       
AB  ;171  ;Slave 2 State                 ;Slave2State                   ;1           ;SCALE_NONE     ;0           ;0              ;VALUE_INPUT         ;UNIT_NONE      ;1       ;1       ;1       ;0       ;0       ;0       ;0       ;0       ;TYPE_U32       
AC  ;172  ;Slave 3 State                 ;Slave3State                   ;1           ;SCALE_NONE     ;0           ;0              ;VALUE_INPUT         ;UNIT_NONE      ;1       ;1       ;1       ;0       ;0       ;0       ;0       ;0       ;TYPE_U32       
AD  ;173  ;Slave 4 State                 ;Slave4State                   ;1           ;SCALE_NONE     ;0           ;0              ;VALUE_INPUT         ;UNIT_NONE      ;1       ;1       ;1       ;0       ;0       ;0       ;0       ;0       ;TYPE_U32       
AE  ;174  ;Slave 5 State                 ;Slave5State                   ;1           ;SCALE_NONE     ;0           ;0              ;VALUE_INPUT         ;UNIT_NONE      ;1       ;1       ;1       ;0       ;0       ;0       ;0       ;0       ;TYPE_U32       
AF  ;175  ;Slave 6 State                 ;Slave6State                   ;1           ;SCALE_NONE     ;0           ;0              ;VALUE_INPUT         ;UNIT_NONE      ;1       ;1       ;1       ;0       ;0       ;0       ;0       ;0       ;TYPE_U32       
B0  ;176  ;Slave 7 State                 ;Slave7State                   ;1           ;SCALE_NONE     ;0           ;0              ;VALUE_INPUT         ;UNIT_NONE      ;1       ;1       ;1       ;0       ;0       ;0       ;0       ;0       ;TYPE_U32       
B1  ;177  ;Slave 8 State                 ;Slave8State                   ;1           ;SCALE_NONE     ;0           ;0              ;VALUE_INPUT         ;UNIT_NONE      ;1       ;1       ;1       ;0       ;0       ;0       ;0       ;0       ;TYPE_U32       
B2  ;178  ;Local Node State              ;LocalState                    ;1           ;SCALE_NONE     ;0           ;0              ;VALUE_INPUT         ;UNIT_NONE      ;1       ;1       ;1       ;0       ;0       ;0       ;0       ;0       ;TYPE_U32       
B3  ;179  ;Local Node Command            ;LocalCommand                  ;1           ;SCALE_NONE     ;0           ;0              ;VALUE_OUTPUT        ;UNIT_NONE      ;1       ;0       ;1       ;0       ;0       ;0       ;0       ;0       ;TYPE_U32       
B4  ;180  ;NX Status Word Node 1         ;NXSW1                         ;1           ;SCALE_NONE     ;0           ;0              ;VALUE_INPUT         ;UNIT_NONE      ;1       ;1       ;1       ;10      ;0       ;0       ;0       ;1       ;TYPE_U16       
B5  ;181  ;NX Control Word 1             ;NXCW1                         ;1           ;SCALE_NONE     ;0           ;0              ;VALUE_OUTPUT        ;UNIT_NONE      ;1       ;0       ;1       ;10      ;0       ;0       ;0       ;1       ;TYPE_U16       
B6  ;182  ;NX Actual Speed Node 1        ;NXActSpeed1                   ;100         ;SCALE_DIV      ;0           ;2              ;VALUE_INPUT         ;UNIT_PCT       ;1       ;1       ;1       ;10      ;0       ;0       ;0       ;1       ;TYPE_S16       
B7  ;183  ;NX Speed Reference Node 1     ;NXSpeedRef1                   ;100         ;SCALE_DIV      ;0           ;2              ;VALUE_OUTPUT        ;UNIT_PCT       ;1       ;0       ;1       ;10      ;0       ;0       ;0       ;1       ;TYPE_S16       
B8  ;184  ;Motor Torque Limit Node 1     ;MotorTorqueLimit1             ;10          ;SCALE_DIV      ;0           ;1              ;VALUE_OUTPUT        ;UNIT_PCT       ;1       ;0       ;1       ;10      ;0       ;0       ;0       ;1       ;TYPE_S16       
B9  ;185  ;Generator Torque Limit Node 1 ;GeneratorTorqueLimit1         ;10          ;SCALE_DIV      ;0           ;1              ;VALUE_OUTPUT        ;UNIT_PCT       ;1       ;0       ;1       ;10      ;0       ;0       ;0       ;1       ;TYPE_S16       
BA  ;186  ;FC Temp. Node 1               ;FCTemperature1                ;1           ;SCALE_NONE     ;0           ;0              ;VALUE_INPUT         ;UNIT_CELSIUS   ;1       ;1       ;1       ;10      ;0       ;0       ;0       ;1       ;TYPE_S16       
BB  ;187  ;Motor Actual Speed Node 1     ;MotorActSpeed1                ;1           ;SCALE_NONE     ;0           ;0              ;VALUE_INPUT         ;UNIT_RPM       ;1       ;1       ;1       ;10      ;0       ;0       ;0       ;1       ;TYPE_S16       
BC  ;188  ;Motor Current Node 1          ;MotorCurrent1                 ;10          ;SCALE_DIV      ;0           ;1              ;VALUE_INPUT         ;UNIT_AMPERE    ;1       ;1       ;10      ;10      ;0       ;0       ;0       ;1       ;TYPE_S16       
BD  ;189  ;Motor Torque Node 1           ;MotorTorque1                  ;10          ;SCALE_DIV      ;0           ;1              ;VALUE_INPUT         ;UNIT_PCT       ;1       ;1       ;10      ;10      ;0       ;0       ;0       ;1       ;TYPE_S16       
BE  ;190  ;Motor Power Node 1            ;MotorPower1                   ;10          ;SCALE_DIV      ;0           ;1              ;VALUE_INPUT         ;UNIT_PCT       ;1       ;1       ;10      ;10      ;0       ;0       ;0       ;1       ;TYPE_S16       
BF  ;191  ;Last Active Fault Node 1      ;LastActiveFault1              ;1           ;SCALE_NONE     ;0           ;0              ;VALUE_INPUT         ;UNIT_NONE      ;1       ;1       ;1       ;10      ;0       ;0       ;0       ;1       ;TYPE_S16       
C0  ;192  ;NX Status Word Node 2         ;NXSW2                         ;1           ;SCALE_NONE     ;0           ;0              ;VALUE_INPUT         ;UNIT_NONE      ;1       ;1       ;1       ;10      ;0       ;0       ;0       ;1       ;TYPE_U16       
C1  ;193  ;NX Control Word 2             ;NXCW2                         ;1           ;SCALE_NONE     ;0           ;0              ;VALUE_OUTPUT        ;UNIT_NONE      ;1       ;0       ;1       ;10      ;0       ;0       ;0       ;1       ;TYPE_U16       
C2  ;194  ;NX Actual Speed Node 2        ;NXActSpeed2                   ;100         ;SCALE_DIV      ;0           ;2              ;VALUE_INPUT         ;UNIT_PCT       ;1       ;1       ;1       ;10      ;0       ;0       ;0       ;1       ;TYPE_S16       
C3  ;195  ;NX Speed Reference Node 2     ;NXSpeedRef2                   ;100         ;SCALE_DIV      ;0           ;2              ;VALUE_OUTPUT        ;UNIT_PCT       ;1       ;0       ;1       ;10      ;0       ;0       ;0       ;1       ;TYPE_S16       
C4  ;196  ;Motor Torque Limit Node 2     ;MotorTorqueLimit2             ;10          ;SCALE_DIV      ;0           ;1              ;VALUE_OUTPUT        ;UNIT_PCT       ;1       ;0       ;1       ;10      ;0       ;0       ;0       ;1       ;TYPE_S16       
C5  ;197  ;Generator Torque Limit Node 2 ;GeneratorTorqueLimit2         ;10          ;SCALE_DIV      ;0           ;1              ;VALUE_OUTPUT        ;UNIT_PCT       ;1       ;0       ;1       ;10      ;0       ;0       ;0       ;1       ;TYPE_S16       
C6  ;198  ;FC Temp. Node 2               ;FCTemperature2                ;1           ;SCALE_NONE     ;0           ;0              ;VALUE_INPUT         ;UNIT_CELSIUS   ;1       ;1       ;1       ;10      ;0       ;0       ;0       ;1       ;TYPE_S16       
C7  ;199  ;Motor Actual Speed Node 2     ;MotorActSpeed2                ;1           ;SCALE_NONE     ;0           ;0              ;VALUE_INPUT         ;UNIT_RPM       ;1       ;1       ;1       ;10      ;0       ;0       ;0       ;1       ;TYPE_S16       
C8  ;200  ;Motor Current Node 2          ;MotorCurrent2                 ;10          ;SCALE_DIV      ;0           ;1              ;VALUE_INPUT         ;UNIT_AMPERE    ;1       ;1       ;10      ;10      ;0       ;0       ;0       ;1       ;TYPE_S16       
C9  ;201  ;Motor Torque Node 2           ;MotorTorque2                  ;10          ;SCALE_DIV      ;0           ;1              ;VALUE_INPUT         ;UNIT_PCT       ;1       ;1       ;10      ;10      ;0       ;0       ;0       ;1       ;TYPE_S16       
CA  ;202  ;Motor Power Node 2            ;MotorPower2                   ;10          ;SCALE_DIV      ;0           ;1              ;VALUE_INPUT         ;UNIT_PCT       ;1       ;1       ;10      ;10      ;0       ;0       ;0       ;1       ;TYPE_S16       
CB  ;203  ;Last Active Fault Node 2      ;LastActiveFault2              ;1           ;SCALE_NONE     ;0           ;0              ;VALUE_INPUT         ;UNIT_NONE      ;1       ;1       ;1       ;10      ;0       ;0       ;0       ;1       ;TYPE_S16       
CC  ;204  ;NX Status Word Node 3         ;NXSW3                         ;1           ;SCALE_NONE     ;0           ;0              ;VALUE_INPUT         ;UNIT_NONE      ;1       ;1       ;1       ;10      ;0       ;0       ;0       ;1       ;TYPE_U16       
CD  ;205  ;NX Control Word 3             ;NXCW3                         ;1           ;SCALE_NONE     ;0           ;0              ;VALUE_OUTPUT        ;UNIT_NONE      ;1       ;0       ;1       ;10      ;0       ;0       ;0       ;1       ;TYPE_U16       
CE  ;206  ;NX Actual Speed Node 3        ;NXActSpeed3                   ;100         ;SCALE_DIV      ;0           ;2              ;VALUE_INPUT         ;UNIT_PCT       ;1       ;1       ;1       ;10      ;0       ;0       ;0       ;1       ;TYPE_S16       
CF  ;207  ;NX Speed Reference Node 3     ;NXSpeedRef3                   ;100         ;SCALE_DIV      ;0           ;2              ;VALUE_OUTPUT        ;UNIT_PCT       ;1       ;0       ;1       ;10      ;0       ;0       ;0       ;1       ;TYPE_S16       
D0  ;208  ;Motor Torque Limit Node 3     ;MotorTorqueLimit3             ;10          ;SCALE_DIV      ;0           ;1              ;VALUE_OUTPUT        ;UNIT_PCT       ;1       ;0       ;1       ;10      ;0       ;0       ;0       ;1       ;TYPE_S16       
D1  ;209  ;Generator Torque Limit Node 3 ;GeneratorTorqueLimit3         ;10          ;SCALE_DIV      ;0           ;1              ;VALUE_OUTPUT        ;UNIT_PCT       ;1       ;0       ;1       ;10      ;0       ;0       ;0       ;1       ;TYPE_S16       
D2  ;210  ;FC Temp. Node 3               ;FCTemperature3                ;1           ;SCALE_NONE     ;0           ;0              ;VALUE_INPUT         ;UNIT_CELSIUS   ;1       ;1       ;1       ;10      ;0       ;0       ;0       ;1       ;TYPE_S16       
D3  ;211  ;Motor Actual Speed Node 3     ;MotorActSpeed3                ;1           ;SCALE_NONE     ;0           ;0              ;VALUE_INPUT         ;UNIT_RPM       ;1       ;1       ;1       ;10      ;0       ;0       ;0       ;1       ;TYPE_S16       
D4  ;212  ;Motor Current Node 3          ;MotorCurrent3                 ;10          ;SCALE_DIV      ;0           ;1              ;VALUE_INPUT         ;UNIT_AMPERE    ;1       ;1       ;10      ;10      ;0       ;0       ;0       ;1       ;TYPE_S16       
D5  ;213  ;Motor Torque Node 3           ;MotorTorque3                  ;10          ;SCALE_DIV      ;0           ;1              ;VALUE_INPUT         ;UNIT_PCT       ;1       ;1       ;10      ;10      ;0       ;0       ;0       ;1       ;TYPE_S16       
D6  ;214  ;Motor Power Node 3            ;MotorPower3                   ;10          ;SCALE_DIV      ;0           ;1              ;VALUE_INPUT         ;UNIT_PCT       ;1       ;1       ;10      ;10      ;0       ;0       ;0       ;1       ;TYPE_S16       
D7  ;215  ;Last Active Fault Node 3      ;LastActiveFault3              ;1           ;SCALE_NONE     ;0           ;0              ;VALUE_INPUT         ;UNIT_NONE      ;1       ;1       ;1       ;10      ;0       ;0       ;0       ;1       ;TYPE_S16       
D8  ;216  ;NX Status Word Node 4         ;NXSW4                         ;1           ;SCALE_NONE     ;0           ;0              ;VALUE_INPUT         ;UNIT_NONE      ;1       ;1       ;1       ;10      ;0       ;0       ;0       ;1       ;TYPE_U16       
D9  ;217  ;NX Control Word 4             ;NXCW4                         ;1           ;SCALE_NONE     ;0           ;0              ;VALUE_OUTPUT        ;UNIT_NONE      ;1       ;0       ;1       ;10      ;0       ;0       ;0       ;1       ;TYPE_U16       
DA  ;218  ;NX Actual Speed Node 4        ;NXActSpeed4                   ;100         ;SCALE_DIV      ;0           ;2              ;VALUE_INPUT         ;UNIT_PCT       ;1       ;1       ;1       ;10      ;0       ;0       ;0       ;1       ;TYPE_S16       
DB  ;219  ;NX Speed Reference Node 4     ;NXSpeedRef4                   ;100         ;SCALE_DIV      ;0           ;2              ;VALUE_OUTPUT        ;UNIT_PCT       ;1       ;0       ;1       ;10      ;0       ;0       ;0       ;1       ;TYPE_S16       
DC  ;220  ;Motor Torque Limit Node 4     ;MotorTorqueLimit4             ;10          ;SCALE_DIV      ;0           ;1              ;VALUE_OUTPUT        ;UNIT_PCT       ;1       ;0       ;1       ;10      ;0       ;0       ;0       ;1       ;TYPE_S16       
DD  ;221  ;Generator Torque Limit Node 4 ;GeneratorTorqueLimit4         ;10          ;SCALE_DIV      ;0           ;1              ;VALUE_OUTPUT        ;UNIT_PCT       ;1       ;0       ;1       ;10      ;0       ;0       ;0       ;1       ;TYPE_S16       
DE  ;222  ;FC Temp. Node 4               ;FCTemperature4                ;1           ;SCALE_NONE     ;0           ;0              ;VALUE_INPUT         ;UNIT_CELSIUS   ;1       ;1       ;1       ;10      ;0       ;0       ;0       ;1       ;TYPE_S16       
DF  ;223  ;Motor Actual Speed Node 4     ;MotorActSpeed4                ;1           ;SCALE_NONE     ;0           ;0              ;VALUE_INPUT         ;UNIT_RPM       ;1       ;1       ;1       ;10      ;0       ;0       ;0       ;1       ;TYPE_S16       
E0  ;224  ;Motor Current Node 4          ;MotorCurrent4                 ;10          ;SCALE_DIV      ;0           ;1              ;VALUE_INPUT         ;UNIT_AMPERE    ;1       ;1       ;10      ;10      ;0       ;0       ;0       ;1       ;TYPE_S16       
E1  ;225  ;Motor Torque Node 4           ;MotorTorque4                  ;10          ;SCALE_DIV      ;0           ;1              ;VALUE_INPUT         ;UNIT_PCT       ;1       ;1       ;10      ;10      ;0       ;0       ;0       ;1       ;TYPE_S16       
E2  ;226  ;Motor Power Node 4            ;MotorPower4                   ;10          ;SCALE_DIV      ;0           ;1              ;VALUE_INPUT         ;UNIT_PCT       ;1       ;1       ;10      ;10      ;0       ;0       ;0       ;1       ;TYPE_S16       
E3  ;227  ;Last Active Fault Node 4      ;LastActiveFault4              ;1           ;SCALE_NONE     ;0           ;0              ;VALUE_INPUT         ;UNIT_NONE      ;1       ;1       ;1       ;10      ;0       ;0       ;0       ;1       ;TYPE_S16       
E4  ;228  ;NX Status Word Node 5         ;NXSW5                         ;1           ;SCALE_NONE     ;0           ;0              ;VALUE_INPUT         ;UNIT_NONE      ;1       ;1       ;1       ;10      ;0       ;0       ;0       ;1       ;TYPE_U16       
E5  ;229  ;NX Control Word 5             ;NXCW5                         ;1           ;SCALE_NONE     ;0           ;0              ;VALUE_OUTPUT        ;UNIT_NONE      ;1       ;0       ;1       ;10      ;0       ;0       ;0       ;1       ;TYPE_U16       
E6  ;230  ;NX Actual Speed Node 5        ;NXActSpeed5                   ;100         ;SCALE_DIV      ;0           ;2              ;VALUE_INPUT         ;UNIT_PCT       ;1       ;1       ;1       ;10      ;0       ;0       ;0       ;1       ;TYPE_S16       
E7  ;231  ;NX Speed Reference Node 5     ;NXSpeedRef5                   ;100         ;SCALE_DIV      ;0           ;2              ;VALUE_OUTPUT        ;UNIT_PCT       ;1       ;0       ;1       ;10      ;0       ;0       ;0       ;1       ;TYPE_S16       
E8  ;232  ;Motor Torque Limit Node 5     ;MotorTorqueLimit5             ;10          ;SCALE_DIV      ;0           ;1              ;VALUE_OUTPUT        ;UNIT_PCT       ;1       ;0       ;1       ;10      ;0       ;0       ;0       ;1       ;TYPE_S16       
E9  ;233  ;Generator Torque Limit Node 5 ;GeneratorTorqueLimit5         ;10          ;SCALE_DIV      ;0           ;1              ;VALUE_OUTPUT        ;UNIT_PCT       ;1       ;0       ;1       ;10      ;0       ;0       ;0       ;1       ;TYPE_S16       
EA  ;234  ;FC Temp. Node 5               ;FCTemperature5                ;1           ;SCALE_NONE     ;0           ;0              ;VALUE_INPUT         ;UNIT_CELSIUS   ;1       ;1       ;1       ;10      ;0       ;0       ;0       ;1       ;TYPE_S16       
EB  ;235  ;Motor Actual Speed Node 5     ;MotorActSpeed5                ;1           ;SCALE_NONE     ;0           ;0              ;VALUE_INPUT         ;UNIT_RPM       ;1       ;1       ;1       ;10      ;0       ;0       ;0       ;1       ;TYPE_S16       
EC  ;236  ;Motor Current Node 5          ;MotorCurrent5                 ;10          ;SCALE_DIV      ;0           ;1              ;VALUE_INPUT         ;UNIT_AMPERE    ;1       ;1       ;10      ;10      ;0       ;0       ;0       ;1       ;TYPE_S16       
ED  ;237  ;Motor Torque Node 5           ;MotorTorque5                  ;10          ;SCALE_DIV      ;0           ;1              ;VALUE_INPUT         ;UNIT_PCT       ;1       ;1       ;10      ;10      ;0       ;0       ;0       ;1       ;TYPE_S16       
EE  ;238  ;Motor Power Node 5            ;MotorPower5                   ;10          ;SCALE_DIV      ;0           ;1              ;VALUE_INPUT         ;UNIT_PCT       ;1       ;1       ;10      ;10      ;0       ;0       ;0       ;1       ;TYPE_S16       
EF  ;239  ;Last Active Fault Node 5      ;LastActiveFault5              ;1           ;SCALE_NONE     ;0           ;0              ;VALUE_INPUT         ;UNIT_NONE      ;1       ;1       ;1       ;10      ;0       ;0       ;0       ;1       ;TYPE_S16       
F0  ;240  ;NX Status Word Node 6         ;NXSW6                         ;1           ;SCALE_NONE     ;0           ;0              ;VALUE_INPUT         ;UNIT_NONE      ;1       ;1       ;1       ;10      ;0       ;0       ;0       ;1       ;TYPE_U16       
F1  ;241  ;NX Control Word 6             ;NXCW6                         ;1           ;SCALE_NONE     ;0           ;0              ;VALUE_OUTPUT        ;UNIT_NONE      ;1       ;0       ;1       ;10      ;0       ;0       ;0       ;1       ;TYPE_U16       
F2  ;242  ;NX Actual Speed Node 6        ;NXActSpeed6                   ;100         ;SCALE_DIV      ;0           ;2              ;VALUE_INPUT         ;UNIT_PCT       ;1       ;1       ;1       ;10      ;0       ;0       ;0       ;1       ;TYPE_S16       
F3  ;243  ;NX Speed Reference Node 6     ;NXSpeedRef6                   ;100         ;SCALE_DIV      ;0           ;2              ;VALUE_OUTPUT        ;UNIT_PCT       ;1       ;0       ;1       ;10      ;0       ;0       ;0       ;1       ;TYPE_S16       
F4  ;244  ;Motor Torque Limit Node 6     ;MotorTorqueLimit6             ;10          ;SCALE_DIV      ;0           ;1              ;VALUE_OUTPUT        ;UNIT_PCT       ;1       ;0       ;1       ;10      ;0       ;0       ;0       ;1       ;TYPE_S16       
F5  ;245  ;Generator Torque Limit Node 6 ;GeneratorTorqueLimit6         ;10          ;SCALE_DIV      ;0           ;1              ;VALUE_OUTPUT        ;UNIT_PCT       ;1       ;0       ;1       ;10      ;0       ;0       ;0       ;1       ;TYPE_S16       
F6  ;246  ;FC Temp. Node 6               ;FCTemperature6                ;1           ;SCALE_NONE     ;0           ;0              ;VALUE_INPUT         ;UNIT_CELSIUS   ;1       ;1       ;1       ;10      ;0       ;0       ;0       ;1       ;TYPE_S16       
F7  ;247  ;Motor Actual Speed Node 6     ;MotorActSpeed6                ;1           ;SCALE_NONE     ;0           ;0              ;VALUE_INPUT         ;UNIT_RPM       ;1       ;1       ;1       ;10      ;0       ;0       ;0       ;1       ;TYPE_S16       
F8  ;248  ;Motor Current Node 6          ;MotorCurrent6                 ;10          ;SCALE_DIV      ;0           ;1              ;VALUE_INPUT         ;UNIT_AMPERE    ;1       ;1       ;10      ;10      ;0       ;0       ;0       ;1       ;TYPE_S16       
F9  ;249  ;Motor Torque Node 6           ;MotorTorque6                  ;10          ;SCALE_DIV      ;0           ;1              ;VALUE_INPUT         ;UNIT_PCT       ;1       ;1       ;10      ;10      ;0       ;0       ;0       ;1       ;TYPE_S16       
FA  ;250  ;Motor Power Node 6            ;MotorPower6                   ;10          ;SCALE_DIV      ;0           ;1              ;VALUE_INPUT         ;UNIT_PCT       ;1       ;1       ;10      ;10      ;0       ;0       ;0       ;1       ;TYPE_S16       
FB  ;251  ;Last Active Fault Node 6      ;LastActiveFault6              ;1           ;SCALE_NONE     ;0           ;0              ;VALUE_INPUT         ;UNIT_NONE      ;1       ;1       ;1       ;10      ;0       ;0       ;0       ;1       ;TYPE_S16       
FC  ;252  ;NX Status Word Node 7         ;NXSW7                         ;1           ;SCALE_NONE     ;0           ;0              ;VALUE_INPUT         ;UNIT_NONE      ;1       ;1       ;1       ;10      ;0       ;0       ;0       ;1       ;TYPE_U16       
FD  ;253  ;NX Control Word 7             ;NXCW7                         ;1           ;SCALE_NONE     ;0           ;0              ;VALUE_OUTPUT        ;UNIT_NONE      ;1       ;0       ;1       ;10      ;0       ;0       ;0       ;1       ;TYPE_U16       
FE  ;254  ;NX Actual Speed Node 7        ;NXActSpeed7                   ;100         ;SCALE_DIV      ;0           ;2              ;VALUE_INPUT         ;UNIT_PCT       ;1       ;1       ;1       ;10      ;0       ;0       ;0       ;1       ;TYPE_S16       
FF  ;255  ;NX Speed Reference Node 7     ;NXSpeedRef7                   ;100         ;SCALE_DIV      ;0           ;2              ;VALUE_OUTPUT        ;UNIT_PCT       ;1       ;0       ;1       ;10      ;0       ;0       ;0       ;1       ;TYPE_S16       
100 ;256  ;Motor Torque Limit Node 7     ;MotorTorqueLimit7             ;10          ;SCALE_DIV      ;0           ;1              ;VALUE_OUTPUT        ;UNIT_PCT       ;1       ;0       ;1       ;10      ;0       ;0       ;0       ;1       ;TYPE_S16       
101 ;257  ;Generator Torque Limit Node 7 ;GeneratorTorqueLimit7         ;10          ;SCALE_DIV      ;0           ;1              ;VALUE_OUTPUT        ;UNIT_PCT       ;1       ;0       ;1       ;10      ;0       ;0       ;0       ;1       ;TYPE_S16       
102 ;258  ;FC Temp. Node 7               ;FCTemperature7                ;1           ;SCALE_NONE     ;0           ;0              ;VALUE_INPUT         ;UNIT_CELSIUS   ;1       ;1       ;1       ;10      ;0       ;0       ;0       ;1       ;TYPE_S16       
103 ;259  ;Motor Actual Speed Node 7     ;MotorActSpeed7                ;1           ;SCALE_NONE     ;0           ;0              ;VALUE_INPUT         ;UNIT_RPM       ;1       ;1       ;1       ;10      ;0       ;0       ;0       ;1       ;TYPE_S16       
104 ;260  ;Motor Current Node 7          ;MotorCurrent7                 ;10          ;SCALE_DIV      ;0           ;1              ;VALUE_INPUT         ;UNIT_AMPERE    ;1       ;1       ;10      ;10      ;0       ;0       ;0       ;1       ;TYPE_S16       
105 ;261  ;Motor Torque Node 7           ;MotorTorque7                  ;10          ;SCALE_DIV      ;0           ;1              ;VALUE_INPUT         ;UNIT_PCT       ;1       ;1       ;10      ;10      ;0       ;0       ;0       ;1       ;TYPE_S16       
106 ;262  ;Motor Power Node 7            ;MotorPower7                   ;10          ;SCALE_DIV      ;0           ;1              ;VALUE_INPUT         ;UNIT_PCT       ;1       ;1       ;10      ;10      ;0       ;0       ;0       ;1       ;TYPE_S16       
107 ;263  ;Last Active Fault Node 7      ;LastActiveFault7              ;1           ;SCALE_NONE     ;0           ;0              ;VALUE_INPUT         ;UNIT_NONE      ;1       ;1       ;1       ;10      ;0       ;0       ;0       ;1       ;TYPE_S16       
108 ;264  ;NX Status Word Node 8         ;NXSW8                         ;1           ;SCALE_NONE     ;0           ;0              ;VALUE_INPUT         ;UNIT_NONE      ;1       ;1       ;1       ;10      ;0       ;0       ;0       ;1       ;TYPE_U16       
109 ;265  ;NX Control Word 8             ;NXCW8                         ;1           ;SCALE_NONE     ;0           ;0              ;VALUE_OUTPUT        ;UNIT_NONE      ;1       ;0       ;1       ;10      ;0       ;0       ;0       ;1       ;TYPE_U16       
10A ;266  ;NX Actual Speed Node 8        ;NXActSpeed8                   ;100         ;SCALE_DIV      ;0           ;2              ;VALUE_INPUT         ;UNIT_PCT       ;1       ;1       ;1       ;10      ;0       ;0       ;0       ;1       ;TYPE_S16       
10B ;267  ;NX Speed Reference Node 8     ;NXSpeedRef8                   ;100         ;SCALE_DIV      ;0           ;2              ;VALUE_OUTPUT        ;UNIT_PCT       ;1       ;0       ;1       ;10      ;0       ;0       ;0       ;1       ;TYPE_S16       
10C ;268  ;Motor Torque Limit Node 8     ;MotorTorqueLimit8             ;10          ;SCALE_DIV      ;0           ;1              ;VALUE_OUTPUT        ;UNIT_PCT       ;1       ;0       ;1       ;10      ;0       ;0       ;0       ;1       ;TYPE_S16       
10D ;269  ;Generator Torque Limit Node 8 ;GeneratorTorqueLimit8         ;10          ;SCALE_DIV      ;0           ;1              ;VALUE_OUTPUT        ;UNIT_PCT       ;1       ;0       ;1       ;10      ;0       ;0       ;0       ;1       ;TYPE_S16       
10E ;270  ;FC Temp. Node 8               ;FCTemperature8                ;1           ;SCALE_NONE     ;0           ;0              ;VALUE_INPUT         ;UNIT_CELSIUS   ;1       ;1       ;1       ;10      ;0       ;0       ;0       ;1       ;TYPE_S16       
10F ;271  ;Motor Actual Speed Node 8     ;MotorActSpeed8                ;1           ;SCALE_NONE     ;0           ;0              ;VALUE_INPUT         ;UNIT_RPM       ;1       ;1       ;1       ;10      ;0       ;0       ;0       ;1       ;TYPE_S16       
110 ;272  ;Motor Current Node 8          ;MotorCurrent8                 ;10          ;SCALE_DIV      ;0           ;1              ;VALUE_INPUT         ;UNIT_AMPERE    ;1       ;1       ;10      ;10      ;0       ;0       ;0       ;1       ;TYPE_S16       
111 ;273  ;Motor Torque Node 8           ;MotorTorque8                  ;10          ;SCALE_DIV      ;0           ;1              ;VALUE_INPUT         ;UNIT_PCT       ;1       ;1       ;10      ;10      ;0       ;0       ;0       ;1       ;TYPE_S16       
112 ;274  ;Motor Power Node 8            ;MotorPower8                   ;10          ;SCALE_DIV      ;0           ;1              ;VALUE_INPUT         ;UNIT_PCT       ;1       ;1       ;10      ;10      ;0       ;0       ;0       ;1       ;TYPE_S16       
113 ;275  ;Last Active Fault Node 8      ;LastActiveFault8              ;1           ;SCALE_NONE     ;0           ;0              ;VALUE_INPUT         ;UNIT_NONE      ;1       ;1       ;1       ;10      ;0       ;0       ;0       ;1       ;TYPE_S16       
